ID,Age,Work_Experience,Family_Size,Gender_lb,Ever_Married_lb,Graduated_lb,Profession_lb,Spending_Score_lb,Var_1_lb
458989,36,0.0,1.0,0,1,1,2,2,5
458994,37,8.0,4.0,1,1,1,5,0,5
459000,59,11.0,2.0,1,1,0,4,1,5
459003,47,0.0,5.0,1,1,1,1,1,3
459005,61,5.0,3.0,1,1,1,1,2,5
459008,47,1.0,3.0,0,1,1,0,0,5
459013,50,2.0,4.0,1,1,1,0,0,5
459014,19,0.0,4.0,1,0,0,5,2,5
459015,22,0.0,3.0,1,0,0,5,2,5
459016,22,0.0,6.0,0,0,0,5,2,5
459024,50,1.0,5.0,1,1,1,0,0,5
459026,27,8.0,3.0,1,0,0,5,2,2
459032,18,0.0,3.0,1,0,0,1,2,5
459033,61,0.0,1.0,0,1,1,0,2,5
459036,20,1.0,3.0,0,1,1,7,0,2
459039,45,1.0,2.0,1,1,1,0,0,5
459041,55,8.0,1.0,1,1,1,0,2,5
459045,88,1.0,4.0,0,1,1,7,0,5
459058,42,0.0,4.0,1,0,1,0,2,2
459061,35,9.0,3.0,0,1,1,5,1,5
459064,27,5.0,4.0,1,1,0,4,1,5
459074,29,0.0,4.0,0,0,1,5,2,3
459077,79,1.0,2.0,0,1,0,7,1,5
459080,89,1.0,2.0,1,1,0,7,2,5
459090,31,1.0,2.0,1,0,0,0,2,5
459091,72,1.0,6.0,1,1,1,0,0,0
459100,61,11.0,1.0,0,0,1,0,2,5
459106,62,0.0,2.0,1,1,1,0,2,5
459114,56,1.0,2.0,1,1,1,0,0,5
459116,60,2.0,5.0,1,1,1,0,0,5
459117,68,0.0,2.0,1,1,1,0,1,5
459119,57,8.0,3.0,1,1,1,4,1,5
459120,19,5.0,5.0,1,0,0,5,2,1
459121,51,3.0,6.0,0,1,1,0,0,5
459123,86,1.0,2.0,0,1,0,0,1,5
459130,74,1.0,2.0,0,1,0,7,1,5
459132,23,6.0,2.0,1,0,0,3,2,5
459136,47,0.0,2.0,1,1,1,0,0,5
459140,19,7.0,6.0,0,0,0,5,2,5
459143,50,0.0,4.0,1,1,0,0,1,5
459150,48,0.0,1.0,0,0,1,1,2,5
459160,70,1.0,2.0,1,1,1,1,0,5
459161,50,3.0,5.0,1,1,1,4,1,5
459162,83,0.0,2.0,0,1,1,7,1,5
459163,35,0.0,1.0,1,0,1,3,2,5
459167,36,0.0,2.0,0,0,1,0,2,4
459170,35,1.0,1.0,0,0,1,0,2,5
459171,35,0.0,2.0,1,1,1,0,0,5
459172,18,3.0,3.0,1,0,0,5,2,1
459175,73,1.0,2.0,0,1,1,0,0,5
459181,62,1.0,3.0,1,1,0,0,1,5
459182,46,1.0,2.0,0,1,1,0,0,5
459184,43,0.0,4.0,1,1,1,3,2,3
459185,32,7.0,1.0,0,0,1,3,2,5
459193,39,0.0,1.0,1,0,1,0,2,5
459194,89,0.0,2.0,0,1,1,7,1,5
459196,18,0.0,3.0,0,0,0,5,2,3
459208,57,0.0,2.0,0,1,1,0,1,2
459209,18,0.0,4.0,0,0,0,3,2,5
459210,71,1.0,2.0,0,1,1,0,1,5
459212,69,0.0,2.0,0,1,1,0,0,5
459213,42,0.0,4.0,0,0,1,5,2,5
459216,36,0.0,2.0,0,0,1,0,2,5
459220,80,1.0,2.0,0,1,1,7,1,5
459222,67,0.0,3.0,0,1,1,0,0,5
459223,47,1.0,4.0,0,1,1,1,0,5
459224,49,0.0,2.0,0,1,1,0,0,5
459227,32,9.0,4.0,0,1,0,2,2,5
459229,65,1.0,4.0,0,1,1,7,0,5
459236,78,0.0,2.0,0,1,0,7,1,5
459237,33,1.0,6.0,1,0,1,0,2,5
459244,48,1.0,1.0,1,1,1,0,2,5
459247,58,1.0,5.0,1,1,1,4,0,5
459263,30,9.0,4.0,0,0,0,5,2,5
459264,35,0.0,2.0,0,0,1,0,2,5
459266,32,6.0,5.0,1,0,1,5,2,5
459270,69,1.0,2.0,1,1,1,6,1,5
459284,71,1.0,2.0,0,1,1,7,1,5
459287,43,0.0,1.0,1,0,1,7,2,3
459288,37,0.0,2.0,1,1,1,0,2,5
459289,42,0.0,1.0,1,0,1,1,2,5
459290,70,1.0,2.0,0,1,1,1,0,5
459292,46,0.0,2.0,1,0,1,0,2,5
459296,70,0.0,2.0,1,1,1,0,0,5
459307,60,1.0,1.0,1,1,1,3,2,5
459310,37,0.0,2.0,1,0,1,3,2,1
459316,30,1.0,2.0,1,1,1,5,2,5
459318,32,1.0,3.0,0,0,1,2,2,5
459320,26,0.0,3.0,1,1,1,4,2,5
459322,42,0.0,1.0,1,0,1,8,2,5
459339,29,8.0,2.0,1,1,1,5,1,5
459344,88,1.0,2.0,0,1,1,0,1,5
459347,70,1.0,1.0,1,1,1,7,2,5
459349,50,1.0,4.0,0,1,1,0,1,5
459352,43,4.0,4.0,1,1,1,1,0,2
459353,51,6.0,2.0,1,1,1,0,0,5
459362,60,0.0,2.0,1,1,0,4,2,5
459363,46,2.0,1.0,1,0,1,0,2,5
459364,81,0.0,2.0,0,1,1,8,2,5
459375,22,0.0,4.0,1,1,0,4,1,5
459377,37,0.0,3.0,1,1,1,0,0,5
459383,43,0.0,1.0,1,1,0,2,2,5
459384,50,1.0,3.0,1,1,1,0,0,5
459385,35,1.0,2.0,0,1,1,0,0,6
459386,65,1.0,2.0,1,1,0,7,1,5
459391,41,0.0,4.0,0,0,1,2,2,5
459394,28,8.0,2.0,1,0,0,3,2,5
459397,55,4.0,2.0,1,1,1,0,0,5
459405,78,1.0,2.0,0,1,0,1,1,5
459407,35,1.0,3.0,0,0,1,1,2,5
459409,76,0.0,2.0,0,1,1,7,1,5
459410,88,1.0,2.0,0,1,1,7,1,5
459415,30,0.0,4.0,1,0,0,1,2,5
459418,69,0.0,2.0,1,1,0,4,1,5
459419,65,1.0,2.0,1,1,1,1,0,5
459420,70,1.0,2.0,0,1,1,7,2,5
459421,32,0.0,4.0,1,1,0,5,0,5
459423,21,8.0,5.0,1,0,0,5,2,5
459428,39,0.0,2.0,0,0,0,8,2,3
459432,85,0.0,3.0,1,1,1,7,2,5
459436,66,0.0,2.0,0,0,1,0,2,5
459439,50,1.0,2.0,0,1,1,0,0,5
459445,42,0.0,3.0,0,1,1,0,0,5
459447,53,9.0,1.0,1,1,1,0,2,5
459451,45,1.0,2.0,0,1,1,0,2,5
459459,40,4.0,1.0,1,1,1,0,2,5
459461,35,1.0,1.0,0,1,1,0,2,0
459466,48,0.0,3.0,0,1,1,0,0,3
459467,56,0.0,2.0,0,1,1,0,0,5
459480,46,7.0,3.0,0,1,1,3,2,5
459481,49,0.0,2.0,1,1,0,7,2,5
459482,72,1.0,4.0,1,1,0,8,2,5
459497,77,0.0,1.0,0,1,1,7,2,5
459503,42,6.0,4.0,1,1,1,5,1,5
459509,26,1.0,1.0,1,0,1,5,2,5
459512,67,1.0,2.0,1,1,1,7,1,5
459515,55,1.0,1.0,1,1,1,2,2,5
459535,46,8.0,2.0,1,1,1,0,0,5
459536,32,7.0,2.0,1,1,1,5,2,5
459538,49,13.0,1.0,0,0,1,6,2,5
459541,59,1.0,2.0,1,1,1,0,1,5
459549,22,8.0,5.0,1,0,0,5,2,3
459555,28,8.0,1.0,0,0,1,0,2,5
459558,28,1.0,3.0,1,0,1,3,2,5
459564,75,2.0,1.0,1,1,1,7,2,5
459566,37,13.0,2.0,0,1,1,0,2,5
459567,50,0.0,2.0,1,1,1,1,0,5
459571,50,1.0,4.0,0,1,1,4,1,5
459579,35,3.0,5.0,0,1,1,0,0,3
459583,46,0.0,1.0,1,1,1,0,2,5
459585,50,1.0,4.0,0,1,1,0,0,5
459587,33,7.0,3.0,0,0,1,0,2,5
459588,49,0.0,1.0,1,1,1,0,2,5
459591,52,1.0,3.0,1,1,1,0,0,5
459592,25,0.0,3.0,1,0,0,5,2,5
459594,41,6.0,1.0,0,1,1,0,2,5
459597,68,0.0,2.0,0,1,1,0,1,5
459603,79,2.0,2.0,0,1,0,7,1,5
459607,40,5.0,5.0,1,1,1,3,0,5
459617,28,1.0,5.0,1,0,1,3,2,5
459618,57,0.0,2.0,1,1,1,1,0,3
459625,63,8.0,1.0,0,1,0,2,2,5
459626,26,1.0,3.0,0,1,0,3,2,5
459632,50,0.0,3.0,0,1,0,8,1,3
459644,30,9.0,4.0,0,0,0,8,2,1
459658,61,1.0,3.0,1,1,1,0,0,5
459664,42,3.0,1.0,1,0,1,0,2,5
459665,88,4.0,2.0,1,1,1,0,2,5
459672,45,3.0,3.0,1,1,0,0,0,5
459673,86,1.0,1.0,0,1,1,7,2,5
459678,18,1.0,5.0,1,0,0,5,2,5
459686,46,1.0,1.0,1,1,1,0,2,5
459692,72,8.0,2.0,0,1,1,7,1,5
459701,46,3.0,3.0,1,0,0,0,2,4
459711,42,9.0,6.0,1,1,0,4,1,5
459715,19,4.0,4.0,1,0,0,5,2,5
459718,68,1.0,1.0,1,1,1,4,2,5
459725,40,0.0,2.0,0,1,1,0,2,5
459740,23,1.0,3.0,0,0,0,5,2,5
459742,84,1.0,2.0,0,1,0,7,1,5
459745,51,0.0,4.0,1,1,0,0,2,0
459747,41,1.0,5.0,0,1,1,0,0,5
459748,51,1.0,2.0,1,1,0,4,1,5
459756,62,1.0,4.0,0,1,0,7,1,3
459760,38,8.0,1.0,0,1,1,0,2,5
459767,22,3.0,4.0,1,0,0,5,2,5
459779,62,1.0,1.0,0,1,1,3,2,5
459780,43,1.0,3.0,0,0,0,3,2,5
459795,48,1.0,1.0,1,0,1,0,2,5
459801,31,4.0,2.0,0,0,1,2,2,5
459804,46,4.0,4.0,1,1,0,0,1,5
459806,49,1.0,4.0,0,1,0,2,0,5
459815,42,8.0,1.0,1,0,1,0,2,5
459822,39,1.0,1.0,0,0,1,2,2,3
459825,20,0.0,5.0,1,0,0,5,2,1
459832,72,1.0,1.0,1,1,1,4,2,5
459845,70,0.0,1.0,1,1,1,5,2,3
459851,45,2.0,1.0,1,0,1,0,2,5
459853,33,7.0,5.0,1,0,0,4,2,5
459856,50,0.0,3.0,1,1,0,3,0,5
459857,31,6.0,1.0,1,0,1,3,2,5
459861,74,1.0,2.0,0,1,0,7,1,5
459867,49,0.0,2.0,1,1,1,8,1,5
459869,18,1.0,3.0,0,0,0,5,2,5
459871,85,2.0,2.0,0,1,0,3,0,5
459886,28,0.0,4.0,1,1,0,0,2,5
459889,59,9.0,3.0,1,1,1,6,0,5
459897,56,0.0,2.0,0,1,1,0,2,5
459909,69,0.0,1.0,1,1,1,0,2,5
459910,66,0.0,2.0,1,1,1,0,2,5
459911,18,4.0,6.0,1,0,0,5,2,1
459914,36,4.0,1.0,1,0,1,0,2,3
459923,31,1.0,2.0,1,0,1,8,2,2
459925,67,1.0,2.0,1,1,0,4,1,3
459937,39,7.0,1.0,0,0,1,0,2,5
459943,42,4.0,3.0,1,0,1,3,2,5
459945,50,0.0,2.0,1,1,1,0,2,5
459946,37,0.0,2.0,0,1,1,0,0,5
459949,59,0.0,1.0,0,0,1,0,2,5
459953,50,8.0,2.0,1,1,1,0,2,5
459961,48,8.0,3.0,1,1,1,0,2,1
459962,55,9.0,1.0,1,1,1,0,2,5
459966,33,1.0,3.0,0,0,1,1,2,5
459968,38,13.0,1.0,1,0,1,0,2,6
459970,43,0.0,2.0,1,0,1,0,2,5
459973,53,0.0,2.0,0,0,1,0,2,5
459974,37,0.0,1.0,1,0,1,3,2,5
459975,36,5.0,1.0,0,0,1,0,2,5
459981,36,5.0,1.0,1,0,1,0,2,5
459986,62,1.0,1.0,1,1,1,0,2,5
459995,38,2.0,2.0,0,0,0,0,2,5
459996,55,1.0,1.0,1,0,1,3,2,5
459998,60,1.0,2.0,1,1,0,3,0,5
460004,36,7.0,2.0,0,1,1,3,0,4
460006,30,5.0,9.0,1,0,0,3,2,2
460014,66,4.0,3.0,0,0,0,3,2,5
460023,45,1.0,1.0,1,1,1,3,2,5
460040,62,4.0,1.0,0,1,1,6,2,4
460045,61,1.0,2.0,1,1,1,0,2,5
460046,50,4.0,2.0,0,1,1,0,2,5
460050,53,3.0,2.0,1,1,1,3,2,5
460051,39,7.0,1.0,1,0,1,0,2,5
460052,86,0.0,1.0,0,0,1,7,2,2
460058,50,1.0,1.0,1,1,1,0,2,3
460061,52,0.0,1.0,1,0,1,8,2,2
460066,45,0.0,1.0,0,0,0,8,2,5
460068,37,9.0,1.0,0,0,1,0,2,5
460073,36,3.0,1.0,0,1,1,2,2,5
460079,40,1.0,1.0,0,0,0,1,2,5
460081,41,11.0,2.0,1,1,1,0,1,5
460090,80,4.0,2.0,1,1,0,7,0,5
460093,46,3.0,1.0,0,0,1,0,2,2
460095,81,1.0,1.0,0,1,1,7,2,5
460101,26,8.0,3.0,0,0,1,5,2,2
460103,26,1.0,1.0,1,0,1,0,2,3
460105,47,0.0,1.0,0,0,1,0,2,3
460107,48,1.0,5.0,1,1,1,2,0,5
460108,39,1.0,3.0,1,1,1,0,0,1
460109,50,8.0,2.0,1,1,1,0,0,5
460112,26,8.0,2.0,1,1,1,2,0,2
460118,36,4.0,2.0,0,1,1,0,2,5
460119,29,1.0,4.0,1,0,1,5,2,5
460122,39,1.0,1.0,0,0,0,0,2,5
460124,41,0.0,3.0,0,0,1,0,2,5
460134,40,9.0,3.0,1,1,1,3,1,5
460135,25,4.0,3.0,0,0,1,5,2,5
460140,41,7.0,2.0,0,1,1,0,2,5
460141,37,11.0,1.0,1,0,1,0,2,5
460146,51,0.0,3.0,0,1,1,2,0,2
460147,73,1.0,3.0,1,1,1,3,0,5
460160,39,5.0,1.0,1,0,1,3,2,2
460162,19,0.0,4.0,0,0,0,5,2,1
460166,19,0.0,7.0,0,0,0,5,2,1
460167,23,1.0,5.0,0,0,0,3,2,1
460168,83,0.0,2.0,1,1,1,4,1,1
460171,62,1.0,2.0,0,1,1,0,1,5
460174,43,9.0,4.0,0,0,1,0,2,5
460175,27,0.0,5.0,0,0,0,0,2,1
460177,50,0.0,1.0,1,0,1,0,2,5
460179,23,0.0,6.0,0,0,0,3,2,1
460183,35,9.0,2.0,1,0,0,3,2,5
460185,32,9.0,3.0,1,0,0,5,2,5
460187,42,2.0,3.0,0,0,1,1,2,5
460189,33,13.0,1.0,1,0,0,3,2,5
460190,28,9.0,3.0,0,0,1,3,2,5
460196,35,9.0,2.0,0,0,1,5,2,5
460206,39,0.0,2.0,0,1,1,3,2,5
460212,35,11.0,6.0,1,1,1,3,2,5
460214,45,0.0,2.0,0,1,1,2,0,5
460223,52,1.0,1.0,1,0,0,3,2,5
460227,28,0.0,3.0,1,0,0,5,2,5
460242,38,9.0,3.0,1,1,1,5,2,5
460243,42,8.0,1.0,0,0,1,3,2,5
460248,27,7.0,2.0,0,0,1,5,2,5
460252,41,0.0,2.0,1,1,1,0,2,5
460263,41,1.0,2.0,1,1,1,0,2,5
460265,47,0.0,4.0,1,1,1,4,1,5
460270,35,8.0,1.0,1,0,1,1,2,5
460272,88,0.0,1.0,0,0,1,7,2,5
460275,46,6.0,1.0,0,0,1,0,2,5
460276,41,3.0,2.0,0,1,1,0,2,5
460281,30,10.0,5.0,0,0,1,1,2,5
460283,43,12.0,2.0,1,1,1,1,2,5
460284,29,9.0,2.0,0,0,1,3,2,5
460287,48,1.0,1.0,1,1,1,0,2,5
460289,61,4.0,6.0,0,1,1,0,0,3
460298,51,2.0,1.0,0,0,1,7,2,5
460306,43,9.0,1.0,0,0,1,5,2,5
460310,27,14.0,4.0,1,0,0,5,2,5
460315,35,14.0,6.0,0,0,0,1,2,6
460319,39,4.0,2.0,0,1,0,1,0,6
460323,38,10.0,1.0,0,0,1,2,2,5
460324,30,12.0,2.0,0,0,1,3,2,5
460327,43,10.0,1.0,0,0,1,0,2,5
460333,42,10.0,4.0,0,0,0,3,2,5
460336,46,2.0,1.0,0,0,1,0,2,6
460340,47,11.0,2.0,0,0,1,0,2,5
460341,32,13.0,5.0,0,0,0,3,2,6
460344,53,11.0,2.0,0,1,1,0,0,5
460348,39,0.0,2.0,0,0,1,0,2,5
460354,37,3.0,1.0,0,0,1,0,2,2
460356,19,0.0,4.0,1,0,0,5,2,5
460358,30,1.0,1.0,1,0,0,8,2,2
460361,49,0.0,1.0,0,1,1,0,2,3
460362,55,0.0,3.0,1,1,1,5,2,3
460365,59,1.0,2.0,0,1,1,1,2,3
460370,27,9.0,2.0,0,1,1,4,1,5
460371,25,1.0,2.0,0,0,1,0,2,5
460378,37,1.0,1.0,0,0,1,1,2,5
460379,38,9.0,3.0,1,0,1,0,2,5
460380,29,9.0,3.0,1,0,1,3,2,5
460381,28,11.0,2.0,1,0,1,0,2,5
460384,27,8.0,2.0,0,1,1,8,2,5
460387,42,3.0,2.0,0,0,0,3,2,5
460388,43,14.0,2.0,0,0,1,0,2,5
460389,40,8.0,2.0,0,1,1,5,0,5
460390,41,9.0,3.0,1,0,1,0,2,5
460392,46,8.0,1.0,1,1,0,3,2,0
460394,32,9.0,3.0,0,0,1,5,2,5
460397,56,1.0,1.0,0,0,1,3,2,5
460399,28,12.0,1.0,1,0,1,8,2,5
460401,25,0.0,3.0,0,0,1,0,2,6
460404,42,6.0,7.0,1,1,1,0,2,5
460405,41,5.0,2.0,0,0,1,3,2,5
460406,36,3.0,2.0,1,1,1,5,2,5
460408,42,2.0,1.0,0,0,1,0,2,5
460409,42,8.0,4.0,0,0,1,0,2,5
460415,55,1.0,2.0,0,0,1,3,2,5
460431,47,1.0,1.0,0,0,1,2,2,5
460437,26,8.0,1.0,0,0,1,0,2,5
460440,28,5.0,2.0,0,0,0,0,2,5
460443,37,0.0,1.0,0,0,1,1,2,5
460449,25,2.0,1.0,1,0,0,8,2,2
460450,50,1.0,4.0,1,1,1,4,1,3
460453,42,5.0,1.0,0,0,1,1,2,5
460459,30,1.0,5.0,0,0,0,2,2,2
460460,26,2.0,4.0,1,1,0,3,2,2
460477,30,1.0,6.0,1,0,0,3,2,2
460484,20,4.0,7.0,0,0,0,5,2,2
460485,19,8.0,5.0,0,0,0,8,2,2
460489,19,9.0,6.0,1,0,0,5,2,2
460495,20,0.0,6.0,1,0,0,5,2,2
460505,26,1.0,3.0,0,0,1,2,2,2
460507,31,0.0,4.0,1,0,0,1,2,2
460508,31,2.0,3.0,1,1,1,5,1,2
460518,41,9.0,3.0,0,1,1,2,0,2
460541,42,0.0,3.0,0,1,1,6,0,2
460545,78,1.0,3.0,1,1,0,7,1,2
460546,65,1.0,2.0,0,1,1,7,2,2
460549,36,8.0,2.0,1,0,1,0,2,2
460550,55,0.0,4.0,0,1,1,0,0,2
460551,52,0.0,2.0,1,1,1,2,0,2
460555,52,7.0,3.0,1,1,1,6,0,2
460561,37,7.0,1.0,0,0,0,2,2,2
460563,40,1.0,2.0,0,0,0,5,2,0
460571,25,0.0,3.0,1,0,0,1,2,2
460572,33,1.0,4.0,0,0,1,2,2,2
460574,26,1.0,1.0,1,0,1,0,2,2
460582,28,0.0,1.0,0,0,0,3,2,2
460583,18,0.0,6.0,1,0,0,8,2,2
460585,52,0.0,3.0,1,0,0,3,2,2
460586,26,0.0,2.0,1,0,1,5,2,2
460588,18,0.0,4.0,1,0,0,5,2,2
460597,20,1.0,2.0,0,0,0,8,2,2
460598,36,0.0,3.0,0,1,1,1,0,2
460605,27,8.0,2.0,1,1,1,1,0,3
460612,27,8.0,4.0,1,0,1,3,2,2
460621,80,1.0,2.0,1,1,1,7,2,2
460622,71,7.0,3.0,0,1,1,7,1,2
460626,47,8.0,4.0,1,1,0,1,1,5
460638,26,0.0,4.0,0,0,1,0,2,2
460645,37,1.0,2.0,0,0,0,1,2,2
460653,28,8.0,1.0,0,0,0,6,2,3
460656,29,9.0,3.0,0,1,1,0,2,5
460658,37,7.0,3.0,0,1,1,8,0,5
460661,33,8.0,1.0,0,0,0,6,2,5
460678,32,6.0,2.0,0,0,0,1,2,2
460687,48,9.0,2.0,0,1,1,6,0,2
460691,27,8.0,1.0,0,0,0,6,2,2
460702,49,1.0,1.0,0,0,1,0,2,5
460703,33,8.0,5.0,0,1,1,2,0,3
460706,33,7.0,6.0,0,0,0,2,2,3
460708,39,0.0,3.0,1,1,1,0,2,5
460716,50,0.0,4.0,1,1,1,3,0,5
460720,46,0.0,2.0,0,1,1,0,0,5
460722,31,0.0,3.0,1,1,0,3,0,2
460726,57,3.0,2.0,1,1,1,0,0,5
460727,73,1.0,4.0,1,1,0,4,1,2
460729,36,9.0,4.0,1,1,1,3,2,5
460733,53,2.0,4.0,1,0,1,8,2,5
460740,35,2.0,3.0,1,1,1,0,0,5
460743,62,0.0,3.0,1,1,1,0,0,5
460746,23,0.0,3.0,1,0,0,8,2,5
460763,51,1.0,2.0,1,0,1,0,2,5
460769,83,1.0,2.0,0,1,0,7,1,5
460780,26,0.0,2.0,0,0,1,5,2,2
460783,86,1.0,1.0,1,1,1,7,2,5
460785,26,0.0,4.0,1,0,1,5,2,6
460789,42,0.0,3.0,1,1,1,4,2,5
460794,41,9.0,1.0,0,1,1,6,2,5
460796,67,0.0,3.0,1,1,0,7,2,5
460802,68,1.0,2.0,1,1,1,7,1,5
460811,45,0.0,2.0,0,1,0,2,1,5
460813,86,0.0,2.0,0,1,0,7,1,5
460815,62,0.0,2.0,1,1,1,0,1,2
460822,42,1.0,2.0,1,1,1,0,2,5
460825,26,0.0,3.0,1,0,1,1,2,3
460828,48,1.0,1.0,1,0,0,3,2,5
460830,40,3.0,5.0,1,1,0,3,0,1
460831,20,0.0,4.0,1,0,0,5,2,5
460837,25,1.0,1.0,0,0,1,0,2,4
460840,77,1.0,1.0,1,1,1,7,2,5
460846,22,0.0,4.0,0,0,0,8,2,5
460847,26,1.0,3.0,1,0,1,0,2,5
460851,71,0.0,3.0,1,1,0,1,0,5
460857,29,1.0,1.0,1,0,0,3,2,3
460860,52,6.0,4.0,1,1,1,0,0,5
460861,20,1.0,3.0,1,0,0,5,2,2
460866,26,0.0,9.0,1,0,1,1,2,3
460872,39,0.0,2.0,0,1,1,0,2,3
460877,53,1.0,5.0,0,1,0,0,0,5
460878,49,0.0,4.0,1,1,0,3,0,5
460882,21,0.0,2.0,1,0,0,5,2,2
460888,39,8.0,1.0,1,1,0,6,2,5
460891,38,2.0,4.0,0,1,0,0,0,2
460897,22,4.0,4.0,1,0,0,5,2,5
460898,52,2.0,4.0,1,1,0,0,0,5
460901,20,8.0,3.0,1,0,0,1,2,5
460902,41,1.0,3.0,1,0,1,4,2,5
460905,30,1.0,1.0,1,0,1,0,2,2
460906,89,1.0,3.0,0,1,1,7,1,5
460907,83,1.0,3.0,1,1,0,7,1,5
460923,53,0.0,3.0,1,1,1,0,0,5
460924,31,1.0,5.0,1,0,0,1,2,1
460928,48,1.0,4.0,1,1,1,0,0,5
460934,29,0.0,2.0,0,0,0,1,2,5
460935,87,0.0,1.0,1,1,1,7,2,5
460945,19,4.0,7.0,1,0,0,2,2,5
460953,60,1.0,2.0,1,1,0,3,2,5
460961,23,1.0,2.0,1,0,0,5,2,2
460962,61,9.0,4.0,1,1,1,4,1,5
460963,27,1.0,3.0,0,0,1,0,2,5
460968,32,14.0,2.0,1,1,0,1,0,2
460976,19,1.0,4.0,1,0,0,5,2,5
460977,42,0.0,3.0,1,1,1,4,1,3
460979,76,1.0,1.0,1,1,0,7,2,5
460981,41,1.0,2.0,0,1,0,8,0,5
460984,38,0.0,4.0,1,1,1,3,0,5
460988,43,0.0,3.0,1,1,1,3,0,3
460989,19,1.0,3.0,1,0,0,5,2,0
460991,28,1.0,3.0,0,0,1,5,2,6
460993,56,0.0,4.0,1,1,1,0,0,5
460999,28,0.0,3.0,1,0,1,2,2,2
461000,60,1.0,2.0,1,1,0,8,1,2
461015,35,1.0,2.0,1,1,1,3,0,2
461016,25,5.0,5.0,1,0,0,5,2,2
461022,71,1.0,1.0,1,1,1,0,2,2
461024,74,1.0,1.0,1,1,1,7,2,5
461028,20,5.0,4.0,0,0,0,5,2,3
461029,43,9.0,2.0,1,1,0,3,2,3
461034,20,3.0,6.0,0,0,0,8,2,2
461038,46,0.0,5.0,0,1,1,2,1,2
461041,65,1.0,7.0,0,1,0,7,1,2
461043,50,1.0,7.0,1,1,0,5,2,3
461044,18,0.0,5.0,1,0,0,5,2,3
461049,61,1.0,7.0,0,1,1,1,2,6
461059,52,1.0,2.0,0,1,0,7,1,5
461060,56,0.0,5.0,1,1,1,4,1,5
461071,42,1.0,5.0,1,1,0,2,0,2
461078,33,0.0,6.0,0,0,0,6,2,2
461082,19,8.0,4.0,1,0,0,5,2,0
461085,27,1.0,1.0,0,0,0,2,2,2
461093,38,1.0,4.0,0,1,1,0,0,2
461099,38,1.0,4.0,0,0,0,0,2,2
461111,43,8.0,1.0,0,1,1,1,2,5
461114,53,1.0,4.0,1,1,1,0,0,2
461116,33,4.0,4.0,1,1,0,4,1,2
461119,22,6.0,3.0,0,0,0,5,2,2
461121,33,0.0,4.0,1,0,0,1,2,2
461124,21,1.0,8.0,1,0,0,5,2,3
461127,20,1.0,5.0,1,0,0,5,2,3
461128,19,7.0,3.0,1,0,0,5,2,5
461129,58,1.0,4.0,0,1,1,3,0,5
461145,36,1.0,2.0,0,1,1,3,2,2
461154,23,1.0,4.0,1,0,0,6,2,2
461162,37,8.0,3.0,0,0,0,8,2,2
461163,58,9.0,4.0,0,1,0,3,2,2
461168,26,7.0,2.0,0,1,0,2,0,2
461169,39,9.0,2.0,1,0,1,3,2,2
461177,41,8.0,4.0,1,1,0,4,0,0
461178,26,0.0,3.0,1,1,0,3,2,2
461179,25,3.0,3.0,0,1,0,2,2,2
461183,36,0.0,5.0,1,0,0,4,2,2
461187,29,9.0,4.0,1,0,0,5,2,2
461197,26,1.0,1.0,1,0,0,8,2,2
461211,46,0.0,1.0,0,0,1,3,2,5
461214,29,0.0,4.0,1,0,0,5,2,5
461215,36,10.0,1.0,0,0,1,0,2,5
461218,27,1.0,6.0,1,1,0,4,2,5
461220,29,8.0,3.0,0,0,0,4,2,5
461221,25,1.0,4.0,0,0,0,8,2,5
461225,30,10.0,6.0,0,0,0,8,2,5
461236,28,9.0,1.0,0,0,1,5,2,5
461237,33,1.0,5.0,1,0,1,1,2,1
461241,31,7.0,2.0,1,1,1,5,2,5
461242,45,0.0,2.0,1,1,1,5,2,5
461243,47,0.0,5.0,1,1,1,8,2,5
461248,39,0.0,1.0,0,0,0,5,2,5
461252,53,0.0,1.0,0,1,1,1,2,2
461256,27,1.0,4.0,1,0,0,1,2,3
461257,37,1.0,2.0,1,1,1,2,0,3
461258,62,1.0,3.0,0,1,1,0,0,3
461262,29,0.0,7.0,0,0,0,2,2,3
461263,51,0.0,1.0,0,1,1,0,2,3
461265,30,1.0,6.0,1,0,0,8,2,3
461269,18,0.0,4.0,1,0,0,3,2,3
461276,68,0.0,2.0,1,1,1,8,2,6
461277,84,5.0,1.0,1,1,1,7,2,5
461281,22,2.0,9.0,1,0,0,5,2,1
461286,22,2.0,4.0,0,0,0,1,2,5
461289,21,1.0,3.0,1,0,0,5,2,5
461297,73,0.0,2.0,1,1,0,7,1,5
461299,75,0.0,2.0,0,1,1,7,1,5
461303,20,6.0,4.0,0,0,0,1,2,1
461308,22,1.0,2.0,1,0,0,5,2,5
461309,22,0.0,4.0,0,0,0,5,2,5
461314,46,1.0,3.0,1,1,1,0,0,5
461319,58,0.0,2.0,1,1,0,0,0,5
461320,41,1.0,3.0,0,0,1,0,2,5
461322,42,0.0,2.0,1,1,1,0,0,5
461323,43,6.0,2.0,0,1,1,5,0,5
461324,49,3.0,1.0,0,0,1,0,2,5
461326,40,0.0,1.0,0,0,1,0,2,5
461335,53,8.0,2.0,1,1,0,4,1,5
461340,36,4.0,2.0,1,1,1,0,0,6
461346,50,8.0,2.0,1,1,1,0,2,5
461348,42,1.0,1.0,1,1,1,5,2,5
461350,30,0.0,4.0,1,0,0,5,2,1
461352,29,2.0,5.0,1,0,0,5,2,1
461356,28,1.0,2.0,1,0,1,3,2,5
461357,27,1.0,4.0,1,0,1,5,2,5
461363,49,0.0,1.0,1,0,1,0,2,5
461366,32,1.0,1.0,1,0,1,5,2,5
461370,25,1.0,3.0,1,0,1,1,2,5
461378,42,8.0,1.0,0,0,1,0,2,5
461383,71,0.0,2.0,1,1,1,0,1,5
461397,22,1.0,4.0,1,0,0,5,2,5
461402,29,1.0,5.0,0,0,1,3,2,5
461408,47,0.0,3.0,1,1,1,8,2,5
461423,32,1.0,3.0,1,0,1,0,2,3
461426,47,7.0,2.0,1,1,1,0,0,5
461428,46,0.0,1.0,1,0,1,0,2,5
461432,41,1.0,2.0,0,1,1,0,0,5
461437,37,0.0,2.0,1,1,1,3,0,5
461439,40,0.0,2.0,1,1,1,0,0,5
461441,60,0.0,4.0,1,1,1,0,0,5
461442,46,0.0,6.0,1,1,1,0,0,1
461454,36,6.0,4.0,0,1,1,0,1,6
461456,38,0.0,1.0,0,0,0,8,2,5
461457,32,0.0,5.0,0,1,0,1,2,5
461458,41,5.0,1.0,0,0,1,0,2,5
461462,56,0.0,3.0,1,1,1,8,2,5
461465,31,8.0,2.0,1,1,1,0,0,5
461466,45,0.0,2.0,1,1,0,0,2,6
461469,37,0.0,2.0,1,1,1,0,2,5
461476,47,1.0,4.0,1,1,1,0,0,1
461479,52,1.0,3.0,0,1,1,0,0,5
461480,57,1.0,3.0,0,1,1,0,1,5
461482,50,9.0,1.0,0,0,1,0,2,5
461494,27,0.0,2.0,1,1,0,2,0,5
461501,45,1.0,3.0,0,1,1,2,1,5
461503,30,8.0,2.0,0,0,1,0,2,5
461510,45,0.0,2.0,1,1,1,0,2,5
461514,30,1.0,4.0,1,0,0,5,2,5
461516,31,1.0,3.0,1,1,1,3,0,5
461518,45,1.0,4.0,0,1,1,0,0,2
461521,67,0.0,2.0,1,1,1,0,1,5
461522,76,1.0,2.0,1,1,0,4,1,5
461525,69,0.0,2.0,1,1,1,3,2,5
461526,83,0.0,2.0,1,1,0,3,2,5
461530,38,0.0,2.0,1,1,1,2,2,5
461534,36,0.0,1.0,1,1,1,0,2,5
461546,69,0.0,3.0,0,1,0,7,2,5
461548,33,0.0,3.0,0,0,1,2,2,5
461553,38,1.0,3.0,1,0,1,0,2,6
461556,48,1.0,2.0,0,1,1,2,0,5
461558,51,2.0,2.0,1,1,1,2,0,5
461564,56,1.0,2.0,1,1,1,4,1,5
461570,57,0.0,3.0,1,1,1,0,0,5
461574,49,1.0,3.0,0,1,1,0,0,5
461587,30,0.0,3.0,1,0,1,5,2,5
461593,40,8.0,2.0,0,1,1,1,0,5
461604,38,0.0,2.0,1,1,0,3,0,5
461612,31,8.0,5.0,0,0,1,5,2,5
461615,33,0.0,2.0,1,0,1,1,2,5
461617,50,0.0,2.0,1,0,1,0,2,5
461626,73,0.0,2.0,1,1,1,4,1,5
461630,46,0.0,3.0,1,1,1,0,0,5
461637,50,0.0,2.0,1,1,1,0,2,6
461644,30,0.0,6.0,1,0,0,5,2,5
461653,60,0.0,2.0,0,1,1,1,0,5
461655,39,9.0,2.0,0,1,1,6,0,5
461658,59,1.0,2.0,0,1,1,0,0,4
461659,51,0.0,2.0,0,1,1,0,0,5
461661,40,5.0,2.0,0,1,1,0,0,1
461663,23,1.0,3.0,1,0,0,5,2,5
461668,53,4.0,4.0,1,1,1,0,0,1
461671,32,7.0,5.0,1,0,0,5,2,5
461674,52,0.0,4.0,1,1,1,4,1,5
461676,31,0.0,1.0,0,0,1,2,2,5
461679,30,3.0,4.0,1,0,1,5,2,5
461681,25,8.0,3.0,1,0,1,5,2,6
461683,40,1.0,4.0,1,1,1,4,1,5
461685,27,4.0,4.0,0,0,1,5,2,5
461686,61,0.0,2.0,1,1,1,0,2,5
461690,33,1.0,1.0,0,0,1,2,2,3
461694,28,1.0,4.0,1,0,1,1,2,3
461695,48,2.0,2.0,0,1,1,0,0,5
461698,73,0.0,2.0,0,1,1,0,1,5
461701,36,0.0,2.0,1,1,0,0,0,4
461705,32,0.0,4.0,0,0,0,5,2,5
461708,82,0.0,2.0,1,1,0,7,1,5
461709,28,1.0,3.0,1,0,1,0,2,3
461711,42,8.0,3.0,0,0,1,0,2,1
461716,60,6.0,9.0,0,1,1,7,1,5
461720,46,1.0,1.0,0,0,1,0,2,3
461722,31,0.0,3.0,1,0,0,1,2,5
461724,50,1.0,1.0,0,1,1,0,2,6
461725,30,3.0,1.0,0,0,1,2,2,3
461727,49,1.0,3.0,0,0,1,0,2,5
461737,51,0.0,6.0,0,1,1,1,0,3
461744,53,0.0,4.0,1,1,1,0,0,5
461747,65,0.0,2.0,1,1,1,0,1,5
461749,22,0.0,5.0,0,0,0,5,2,5
461752,65,1.0,3.0,1,1,1,1,0,5
461756,39,0.0,2.0,0,1,1,2,0,3
461760,84,0.0,2.0,1,1,1,0,1,5
461769,37,0.0,1.0,1,0,1,0,2,5
461771,28,8.0,2.0,1,1,1,1,0,5
461775,82,0.0,2.0,0,1,0,7,1,5
461778,87,0.0,2.0,0,1,1,7,1,5
461780,69,1.0,5.0,0,0,1,7,2,5
461784,74,1.0,1.0,0,1,1,7,2,5
461788,79,1.0,2.0,0,1,1,7,1,5
461791,21,9.0,1.0,0,0,0,7,2,5
461792,20,5.0,5.0,0,0,0,5,2,1
461800,43,3.0,1.0,0,0,1,1,2,1
461801,25,1.0,3.0,0,0,0,5,2,5
461802,43,0.0,4.0,1,0,1,0,2,5
461804,42,1.0,1.0,0,0,1,0,2,5
461807,25,10.0,4.0,1,0,1,1,2,5
461815,59,0.0,1.0,1,1,1,0,2,2
461816,49,0.0,5.0,0,0,1,8,2,5
461821,32,1.0,4.0,0,0,0,1,2,5
461822,36,8.0,2.0,1,1,1,0,1,5
461824,45,9.0,3.0,1,1,1,8,2,5
461837,37,0.0,2.0,1,1,1,0,2,5
461845,48,1.0,4.0,0,1,1,1,0,5
461846,65,0.0,2.0,0,0,1,0,2,1
461848,39,1.0,2.0,1,0,0,8,2,5
461858,25,1.0,7.0,1,0,0,3,2,3
461859,49,5.0,5.0,0,1,0,0,2,5
461860,77,1.0,2.0,0,1,1,7,1,5
461862,38,9.0,1.0,0,0,1,0,2,5
461864,19,0.0,6.0,1,0,1,8,2,3
461872,76,1.0,2.0,0,1,1,7,1,5
461873,28,0.0,4.0,1,0,1,1,2,5
461874,51,1.0,3.0,1,1,1,1,0,2
461882,28,0.0,5.0,0,0,1,1,2,6
461892,42,0.0,1.0,0,0,1,5,2,1
461896,45,1.0,1.0,1,1,1,0,2,5
461898,63,6.0,3.0,1,1,1,4,1,5
461899,18,0.0,6.0,0,0,0,1,2,5
461901,26,7.0,4.0,1,0,1,0,2,5
461913,43,5.0,4.0,1,0,1,3,2,1
461921,36,0.0,1.0,0,0,1,0,2,5
461927,32,1.0,4.0,1,0,0,5,2,1
461929,60,1.0,1.0,1,1,1,3,2,5
461930,42,0.0,1.0,0,0,1,0,2,3
461936,69,0.0,2.0,1,1,0,7,1,5
461941,70,1.0,1.0,0,1,1,0,2,5
461943,25,1.0,3.0,1,0,1,5,2,5
461962,56,1.0,3.0,1,1,1,3,0,5
461963,40,9.0,1.0,0,0,1,0,2,5
461965,23,1.0,6.0,1,0,0,5,2,5
461967,20,3.0,4.0,0,0,0,8,2,6
461968,39,2.0,1.0,0,0,1,3,2,5
461978,19,0.0,4.0,0,0,0,5,2,5
461988,40,1.0,2.0,1,1,0,2,0,5
461993,33,3.0,4.0,1,0,0,5,2,5
461994,20,14.0,2.0,1,1,0,1,2,5
461996,35,7.0,4.0,0,0,0,0,2,5
461999,27,0.0,5.0,1,0,1,1,2,5
462007,42,1.0,2.0,0,1,1,0,0,5
462011,30,0.0,4.0,1,1,0,8,2,3
462013,56,0.0,2.0,0,1,1,4,0,5
462015,28,0.0,2.0,1,1,1,3,0,5
462016,38,6.0,2.0,0,1,1,0,0,5
462017,26,9.0,1.0,1,0,1,3,2,1
462027,36,0.0,1.0,1,0,0,2,2,5
462029,56,0.0,1.0,1,0,0,3,2,5
462033,26,0.0,1.0,1,0,1,3,2,5
462038,28,4.0,4.0,1,0,1,0,2,5
462043,32,0.0,5.0,1,0,0,5,2,5
462044,52,4.0,1.0,0,0,1,0,2,5
462048,23,0.0,4.0,0,0,0,5,2,5
462052,50,0.0,2.0,1,1,1,0,2,5
462058,40,8.0,2.0,1,1,1,3,2,5
462060,53,1.0,2.0,0,1,1,0,0,5
462064,63,0.0,3.0,1,1,1,0,0,6
462068,62,0.0,3.0,1,1,1,4,1,5
462075,38,1.0,1.0,0,0,1,0,2,5
462078,57,1.0,2.0,0,1,0,0,0,1
462080,43,9.0,1.0,0,0,1,0,2,5
462081,21,1.0,3.0,1,0,0,8,2,3
462083,22,0.0,5.0,1,0,0,5,2,5
462084,68,1.0,1.0,1,1,1,0,2,5
462085,28,0.0,1.0,0,0,1,5,2,5
462088,33,0.0,2.0,1,1,1,0,0,5
462090,38,8.0,1.0,0,0,1,0,2,5
462091,23,0.0,5.0,1,0,0,5,2,3
462102,39,4.0,1.0,0,0,1,1,2,5
462103,49,9.0,2.0,0,1,0,3,1,5
462109,79,0.0,1.0,1,1,0,7,2,5
462111,38,6.0,4.0,1,1,1,0,0,5
462114,21,1.0,4.0,1,0,0,5,2,5
462116,68,0.0,2.0,0,1,1,1,0,5
462118,31,0.0,3.0,1,0,1,0,2,5
462120,46,1.0,3.0,1,1,0,0,2,2
462128,35,9.0,2.0,1,1,1,0,0,5
462131,42,8.0,3.0,0,0,1,0,2,1
462141,38,8.0,1.0,0,0,1,0,2,5
462149,88,2.0,1.0,0,1,0,7,1,5
462151,42,9.0,1.0,0,0,1,0,2,5
462163,26,4.0,2.0,0,1,1,0,0,2
462168,35,0.0,3.0,1,1,1,4,1,5
462171,41,3.0,2.0,0,1,0,2,1,5
462172,37,1.0,2.0,1,1,1,1,0,0
462174,41,8.0,4.0,0,1,1,2,0,3
462179,33,0.0,9.0,0,0,1,8,2,6
462180,61,2.0,4.0,0,1,1,2,0,1
462186,19,1.0,3.0,0,0,0,1,2,0
462187,50,4.0,1.0,0,0,1,0,2,5
462188,48,0.0,4.0,0,1,0,2,0,3
462196,57,1.0,3.0,1,1,0,8,0,3
462197,72,1.0,3.0,0,1,0,2,0,3
462200,49,0.0,3.0,0,1,1,1,2,3
462202,41,0.0,4.0,0,0,1,3,2,3
462203,65,2.0,7.0,1,1,0,4,1,3
462204,22,0.0,3.0,0,0,0,8,2,3
462205,23,0.0,4.0,0,0,0,5,2,3
462209,41,0.0,1.0,0,1,0,0,2,3
462210,42,0.0,3.0,0,1,1,2,2,3
462211,18,0.0,3.0,1,0,0,5,2,3
462214,49,1.0,2.0,1,1,0,1,2,3
462216,40,0.0,2.0,0,1,0,1,2,3
462218,50,1.0,5.0,1,1,0,4,0,3
462220,19,6.0,3.0,0,0,0,5,2,3
462222,22,0.0,6.0,1,0,0,5,2,3
462231,27,4.0,6.0,1,0,1,0,2,3
462232,55,0.0,8.0,1,1,0,4,1,3
462240,80,0.0,2.0,1,1,0,7,1,5
462243,43,0.0,4.0,1,1,0,4,2,5
462246,79,1.0,2.0,0,1,0,7,1,5
462249,25,1.0,3.0,1,0,0,3,2,5
462256,58,0.0,4.0,0,1,1,6,0,5
462260,76,1.0,2.0,1,1,1,7,2,5
462274,47,1.0,3.0,1,1,1,0,0,5
462275,43,1.0,2.0,1,1,1,0,0,5
462278,31,1.0,4.0,1,0,1,5,2,5
462279,27,0.0,7.0,1,0,0,5,2,5
462280,31,0.0,4.0,1,0,1,5,2,5
462281,46,1.0,2.0,1,1,1,0,2,5
462284,48,1.0,4.0,1,1,1,4,0,5
462286,57,0.0,2.0,1,1,0,1,0,5
462290,30,0.0,1.0,0,0,1,1,2,5
462297,31,14.0,2.0,0,0,1,0,2,5
462300,49,1.0,3.0,1,1,1,0,0,5
462304,56,1.0,4.0,1,1,1,0,2,3
462306,83,8.0,2.0,1,1,0,7,1,5
462310,63,5.0,4.0,1,1,1,0,0,5
462323,71,1.0,2.0,0,1,1,1,0,5
462336,50,0.0,4.0,1,1,0,0,2,5
462339,31,4.0,5.0,1,0,1,0,2,5
462340,60,0.0,6.0,1,1,0,3,0,5
462342,71,8.0,2.0,0,1,1,7,1,5
462345,49,0.0,6.0,1,1,1,1,0,3
462346,74,9.0,1.0,1,1,1,7,2,5
462349,51,1.0,6.0,1,1,1,0,0,5
462356,46,0.0,3.0,1,0,1,2,2,5
462358,39,2.0,2.0,1,1,0,1,0,5
462365,85,1.0,2.0,1,1,1,7,1,5
462368,31,1.0,2.0,0,1,1,0,0,5
462370,39,4.0,3.0,1,1,1,4,1,5
462381,48,1.0,2.0,0,1,0,1,1,5
462382,71,0.0,2.0,1,1,1,7,1,5
462386,32,0.0,5.0,0,0,1,5,2,5
462389,55,0.0,1.0,0,1,0,2,2,5
462395,46,0.0,2.0,1,1,1,0,1,5
462397,50,0.0,4.0,1,1,1,0,0,5
462400,45,1.0,1.0,1,0,1,0,2,5
462401,33,1.0,2.0,1,1,0,4,0,3
462409,29,5.0,2.0,0,1,0,2,2,5
462411,35,8.0,1.0,1,0,1,0,2,5
462415,25,1.0,1.0,1,0,0,1,2,5
462420,26,0.0,3.0,1,0,1,5,2,5
462421,48,1.0,2.0,1,0,1,0,2,5
462423,66,0.0,3.0,1,1,0,7,1,5
462424,38,0.0,3.0,0,1,0,0,2,5
462428,65,2.0,3.0,1,1,1,3,0,5
462429,87,1.0,1.0,1,1,0,7,2,5
462445,20,1.0,3.0,1,0,0,5,2,5
462446,19,0.0,4.0,1,0,0,5,2,5
462447,22,9.0,4.0,1,0,0,5,2,5
462451,18,1.0,9.0,1,0,0,8,2,5
462454,19,1.0,3.0,1,0,0,5,2,1
462456,22,0.0,8.0,1,0,0,5,2,5
462457,31,4.0,4.0,1,0,0,5,2,5
462463,63,0.0,2.0,1,1,0,0,0,5
462472,43,1.0,1.0,1,0,1,0,2,5
462485,39,0.0,2.0,0,1,0,2,2,5
462488,31,1.0,5.0,1,0,1,5,2,5
462491,31,0.0,5.0,1,0,1,0,2,5
462492,43,0.0,4.0,1,1,0,0,0,1
462496,52,0.0,3.0,1,1,0,0,0,5
462498,63,0.0,3.0,0,1,1,1,0,5
462503,51,1.0,4.0,1,1,1,4,1,5
462508,35,1.0,7.0,1,1,1,5,2,3
462517,39,9.0,4.0,0,1,1,6,1,5
462518,25,1.0,6.0,0,0,0,5,2,4
462519,20,0.0,5.0,1,0,0,5,2,3
462521,33,9.0,1.0,0,0,0,6,2,5
462522,36,0.0,5.0,1,1,0,4,0,3
462525,42,1.0,2.0,0,1,1,0,0,5
462526,52,2.0,5.0,0,1,1,0,0,5
462529,42,1.0,2.0,0,1,1,2,2,5
462533,30,1.0,3.0,0,0,1,3,2,5
462538,73,1.0,2.0,0,1,1,7,1,5
462541,66,3.0,2.0,1,1,1,2,1,5
462542,62,9.0,5.0,0,1,1,0,0,1
462543,36,4.0,1.0,0,1,1,0,2,2
462545,33,0.0,3.0,1,0,0,2,2,3
462554,28,0.0,8.0,1,0,0,5,2,3
462561,48,3.0,2.0,0,1,1,0,0,5
462563,53,1.0,2.0,0,1,1,0,0,5
462577,71,0.0,2.0,0,1,0,8,1,3
462578,35,9.0,2.0,1,1,1,0,0,3
462580,41,0.0,1.0,0,0,1,0,2,3
462584,39,0.0,4.0,0,1,0,3,2,3
462587,79,1.0,2.0,0,1,0,7,1,3
462589,29,9.0,8.0,0,0,0,2,2,3
462595,33,7.0,7.0,0,0,1,0,2,3
462600,25,4.0,3.0,1,1,0,2,0,3
462609,52,4.0,1.0,0,1,0,1,2,3
462611,41,0.0,7.0,1,1,0,4,1,3
462613,39,1.0,5.0,0,1,0,2,0,3
462615,32,3.0,7.0,1,0,0,1,2,3
462617,19,1.0,5.0,1,0,0,5,2,3
462625,30,1.0,3.0,1,0,1,0,2,3
462626,31,0.0,6.0,0,0,1,2,2,3
462654,37,0.0,6.0,1,1,0,0,0,3
462668,38,4.0,1.0,0,0,1,0,2,5
462678,45,3.0,3.0,0,1,1,0,0,5
462683,43,1.0,5.0,0,1,0,2,2,0
462687,26,14.0,3.0,1,0,0,6,2,2
462696,49,1.0,2.0,1,1,0,0,1,5
462702,53,1.0,4.0,1,1,0,3,0,3
462704,52,5.0,5.0,1,1,1,4,1,5
462705,66,0.0,2.0,0,1,0,7,0,5
462716,26,6.0,2.0,1,0,0,3,2,3
462723,53,8.0,2.0,0,1,0,0,0,5
462727,87,0.0,2.0,0,1,0,7,1,5
462729,28,1.0,2.0,1,0,0,5,2,5
462731,37,7.0,3.0,0,1,1,0,1,5
462735,25,1.0,2.0,0,1,0,0,0,0
462736,33,6.0,3.0,0,1,0,2,2,5
462739,46,1.0,2.0,1,1,1,0,2,5
462743,33,2.0,4.0,1,0,0,5,2,2
462746,26,1.0,3.0,1,0,0,3,2,5
462747,32,6.0,4.0,1,0,0,1,2,5
462756,22,0.0,4.0,0,0,0,2,2,5
462761,19,2.0,4.0,1,0,0,5,2,5
462762,46,0.0,4.0,1,1,1,0,1,5
462767,19,4.0,4.0,1,0,0,5,2,5
462768,45,0.0,3.0,1,1,1,0,0,5
462776,52,1.0,3.0,0,1,1,2,0,5
462788,47,1.0,3.0,1,1,0,3,0,2
462804,41,5.0,3.0,1,1,0,4,1,3
462810,37,9.0,4.0,1,1,0,4,1,5
462814,20,8.0,2.0,0,1,0,2,0,4
462817,73,3.0,1.0,0,1,1,7,2,5
462819,51,0.0,3.0,1,1,1,0,0,5
462824,42,1.0,3.0,1,1,0,2,0,3
462826,20,1.0,3.0,1,0,0,5,2,2
462827,23,0.0,3.0,0,0,0,1,2,2
462834,31,2.0,2.0,1,1,1,6,2,0
462838,33,1.0,3.0,0,1,1,6,2,4
462841,21,9.0,6.0,1,0,0,5,2,5
462845,51,5.0,7.0,1,1,1,1,0,5
462849,47,0.0,4.0,1,1,1,0,0,5
462850,20,0.0,4.0,1,0,0,5,2,5
462853,21,0.0,2.0,1,0,0,5,2,5
462854,22,1.0,3.0,1,0,0,5,2,5
462858,32,9.0,4.0,0,0,1,2,2,5
462861,30,8.0,1.0,0,0,1,5,2,5
462866,61,1.0,1.0,1,1,1,1,2,5
462868,43,0.0,4.0,1,1,0,3,0,3
462869,25,8.0,1.0,1,0,1,1,2,5
462871,46,0.0,3.0,1,1,0,3,0,5
462872,53,12.0,2.0,0,1,0,2,2,2
462874,55,0.0,2.0,1,1,1,1,1,5
462887,42,0.0,3.0,0,1,0,2,2,5
462890,26,11.0,1.0,0,0,1,8,2,5
462891,29,0.0,3.0,1,0,0,5,2,5
462894,39,4.0,4.0,1,1,1,0,0,2
462900,38,1.0,3.0,1,1,1,0,0,5
462905,25,6.0,3.0,0,0,0,0,2,5
462914,26,4.0,4.0,0,0,1,0,2,5
462920,51,0.0,5.0,1,1,0,4,1,5
462923,30,8.0,2.0,1,1,0,6,0,5
462927,33,8.0,2.0,0,0,0,6,2,5
462944,42,5.0,3.0,1,1,1,4,1,5
462951,71,2.0,1.0,1,1,1,7,2,5
462956,35,6.0,5.0,1,1,0,0,0,5
462958,28,0.0,5.0,1,0,0,8,2,5
462963,31,1.0,2.0,1,1,1,0,0,2
462966,43,2.0,3.0,1,1,1,0,0,5
462968,77,0.0,2.0,0,1,0,7,1,5
462971,71,0.0,1.0,0,1,1,2,2,5
462976,47,0.0,2.0,0,1,1,2,0,5
462981,26,9.0,1.0,0,0,0,6,2,5
462982,40,4.0,4.0,1,1,0,1,0,5
462983,72,0.0,2.0,0,1,1,7,1,5
462984,73,1.0,2.0,0,1,1,0,1,5
462986,26,1.0,6.0,1,0,1,5,2,2
462998,52,10.0,4.0,1,1,0,3,0,5
463003,42,3.0,2.0,1,1,1,0,0,5
463020,28,0.0,3.0,1,1,1,0,0,0
463023,43,7.0,1.0,0,1,0,6,2,5
463028,25,0.0,4.0,1,0,0,1,2,5
463030,52,1.0,3.0,1,1,1,4,1,5
463034,28,9.0,1.0,0,0,1,6,2,5
463037,56,0.0,4.0,1,1,1,3,0,5
463039,38,12.0,7.0,1,1,0,4,1,5
463040,83,1.0,2.0,1,1,0,7,1,5
463051,35,12.0,1.0,0,0,1,6,2,5
463052,40,0.0,2.0,1,1,1,8,2,5
463069,25,7.0,1.0,1,0,1,0,2,5
463075,52,0.0,4.0,1,1,1,0,2,5
463080,33,0.0,4.0,1,0,0,0,2,4
463083,28,6.0,3.0,1,0,1,0,2,5
463085,43,0.0,1.0,0,0,1,0,2,5
463088,84,1.0,2.0,0,1,1,7,1,5
463089,48,6.0,4.0,1,1,1,4,1,5
463090,55,3.0,2.0,0,1,0,2,0,5
463091,37,8.0,1.0,0,1,1,6,2,5
463094,38,11.0,3.0,1,1,1,2,0,5
463100,35,9.0,1.0,0,0,0,6,2,5
463102,35,0.0,2.0,1,0,0,3,2,5
463104,46,0.0,1.0,0,1,0,7,2,5
463106,79,0.0,1.0,0,1,1,7,2,5
463108,63,5.0,2.0,1,1,1,7,1,5
463120,35,0.0,1.0,0,0,1,3,2,5
463133,50,0.0,4.0,1,1,0,0,0,5
463144,45,0.0,3.0,1,1,1,4,1,5
463145,36,0.0,4.0,0,0,1,6,2,5
463146,43,11.0,2.0,1,1,0,3,0,5
463148,62,1.0,5.0,1,1,1,8,1,5
463149,57,2.0,2.0,1,1,1,0,0,5
463150,51,9.0,1.0,1,0,0,8,2,5
463151,59,0.0,1.0,1,1,1,0,2,2
463154,27,0.0,4.0,0,1,0,0,2,5
463157,50,6.0,3.0,1,1,1,3,2,5
463158,75,1.0,3.0,1,1,1,4,1,5
463163,28,2.0,2.0,1,0,0,4,2,2
463164,39,9.0,2.0,1,1,1,0,0,5
463165,69,0.0,2.0,0,1,1,1,0,5
463166,41,1.0,1.0,0,0,1,0,2,3
463171,39,1.0,3.0,0,1,0,3,1,2
463173,47,0.0,1.0,1,0,1,0,2,2
463174,62,1.0,1.0,0,1,1,2,2,2
463181,49,5.0,3.0,1,1,1,1,0,4
463187,52,8.0,2.0,0,1,1,0,2,5
463195,26,7.0,2.0,0,0,1,5,2,2
463196,72,1.0,1.0,0,1,1,2,2,5
463199,47,0.0,3.0,0,1,1,0,2,3
463201,19,1.0,2.0,0,0,0,5,2,3
463203,21,1.0,3.0,0,0,0,5,2,6
463204,39,1.0,1.0,1,0,0,3,2,5
463209,52,0.0,1.0,0,0,1,0,2,5
463218,37,8.0,3.0,1,1,0,3,0,5
463219,51,0.0,2.0,1,1,0,3,2,5
463220,48,1.0,3.0,1,1,0,2,0,5
463224,47,1.0,4.0,1,1,1,4,1,5
463240,45,0.0,3.0,0,1,0,2,0,5
463242,29,5.0,2.0,0,0,0,2,2,5
463244,47,1.0,1.0,0,1,0,1,2,5
463245,41,8.0,2.0,1,1,1,3,0,5
463248,32,9.0,4.0,0,1,0,6,0,1
463251,31,2.0,3.0,1,1,0,8,2,5
463256,20,1.0,3.0,1,0,0,8,2,5
463258,46,0.0,3.0,0,1,1,0,0,5
463260,70,3.0,1.0,1,1,1,7,2,5
463265,65,1.0,3.0,1,1,1,0,0,5
463267,29,9.0,1.0,1,1,0,6,2,3
463269,41,3.0,2.0,1,1,1,3,0,2
463273,38,9.0,2.0,1,1,1,3,0,2
463277,30,6.0,2.0,0,1,0,2,2,2
463278,63,1.0,1.0,0,1,1,2,2,2
463280,42,6.0,2.0,1,1,1,0,0,2
463292,41,0.0,3.0,1,1,0,4,1,5
463308,46,1.0,2.0,1,1,1,2,2,2
463316,83,0.0,2.0,0,1,0,7,1,5
463323,27,3.0,2.0,1,1,1,5,2,5
463324,22,1.0,4.0,0,0,0,5,2,1
463330,20,0.0,4.0,1,0,0,5,2,5
463332,40,0.0,2.0,0,1,1,2,2,5
463334,28,0.0,6.0,0,0,1,1,2,3
463338,28,0.0,2.0,1,1,0,3,2,2
463340,20,0.0,4.0,0,0,0,5,2,2
463341,53,0.0,6.0,0,1,0,2,0,2
463348,35,0.0,2.0,0,1,1,1,2,5
463356,30,6.0,4.0,1,0,1,5,2,1
463360,46,2.0,1.0,0,1,1,0,2,5
463367,36,3.0,4.0,0,0,1,2,2,1
463368,38,4.0,3.0,0,1,1,0,1,1
463375,45,1.0,1.0,0,1,1,1,2,3
463376,46,5.0,2.0,0,1,1,4,1,5
463378,25,0.0,1.0,1,0,1,1,2,2
463379,27,0.0,7.0,1,0,0,8,2,5
463386,42,6.0,1.0,0,1,1,1,2,2
463391,55,6.0,1.0,1,1,1,1,2,2
463406,31,0.0,4.0,1,0,0,8,2,2
463409,38,6.0,5.0,0,1,0,3,0,1
463420,59,2.0,3.0,0,1,1,0,1,5
463423,61,1.0,3.0,1,1,0,4,0,5
463427,27,1.0,2.0,0,1,1,2,2,5
463428,26,1.0,5.0,1,1,0,4,1,5
463437,51,0.0,3.0,1,1,1,0,0,5
463438,47,0.0,3.0,1,1,0,3,0,5
463443,52,1.0,4.0,1,1,1,0,0,5
463447,57,1.0,2.0,1,1,0,2,0,5
463452,86,1.0,2.0,0,1,1,7,1,5
463462,43,0.0,4.0,0,1,0,2,0,5
463475,43,0.0,1.0,0,1,1,1,2,5
463477,31,0.0,4.0,1,0,0,5,2,3
463483,30,1.0,2.0,1,1,0,4,1,5
463491,27,8.0,3.0,1,1,1,1,0,5
463499,47,0.0,2.0,1,1,1,4,2,5
463500,35,1.0,4.0,1,1,1,4,1,5
463503,25,0.0,2.0,1,1,1,3,2,6
463508,25,0.0,3.0,0,1,0,0,2,5
463509,38,1.0,1.0,1,0,0,0,2,2
463512,32,0.0,3.0,0,0,0,2,2,5
463516,48,1.0,6.0,1,1,0,4,1,5
463527,38,10.0,1.0,0,0,0,0,2,5
463533,85,1.0,2.0,0,1,1,0,1,1
463537,25,1.0,3.0,0,0,1,5,2,5
463545,31,1.0,2.0,0,0,1,1,2,3
463548,20,3.0,4.0,0,0,0,5,2,3
463550,37,0.0,2.0,0,1,1,0,0,3
463553,33,8.0,2.0,1,0,1,0,2,5
463554,52,5.0,1.0,0,0,0,0,2,5
463557,26,0.0,3.0,1,0,1,1,2,5
463560,21,9.0,5.0,0,0,0,5,2,3
463561,42,0.0,1.0,0,0,1,2,2,5
463572,39,0.0,4.0,1,1,1,0,0,5
463577,41,1.0,2.0,0,1,1,1,0,5
463586,18,1.0,5.0,0,0,0,5,2,5
463588,22,0.0,1.0,1,0,0,5,2,5
463598,25,2.0,2.0,0,1,0,2,2,5
463603,18,0.0,4.0,0,0,0,3,2,1
463605,20,1.0,5.0,0,0,0,5,2,4
463606,21,0.0,4.0,1,0,0,8,2,1
463614,25,1.0,4.0,0,0,0,5,2,2
463616,46,0.0,5.0,0,1,0,2,0,2
463619,68,1.0,2.0,1,1,0,4,1,5
463620,21,1.0,4.0,1,0,0,5,2,1
463623,27,0.0,3.0,1,0,1,1,2,5
463624,59,1.0,4.0,1,1,1,4,1,5
463628,26,8.0,1.0,0,0,1,0,2,5
463632,26,0.0,2.0,1,1,1,0,0,5
463638,32,1.0,2.0,0,1,0,1,0,6
463639,33,0.0,6.0,1,0,0,5,2,5
463640,28,0.0,3.0,1,0,1,5,2,5
463644,30,0.0,3.0,0,0,1,5,2,6
463654,41,3.0,3.0,0,0,0,2,2,2
463655,42,13.0,2.0,1,1,1,0,2,5
463661,45,1.0,4.0,0,1,1,1,0,5
463664,29,0.0,1.0,0,0,0,2,2,5
463665,46,1.0,3.0,1,1,1,3,0,5
463669,26,5.0,4.0,0,1,1,8,1,1
463699,38,9.0,3.0,0,1,1,8,2,5
463703,69,1.0,4.0,1,1,0,4,1,5
463704,46,0.0,2.0,1,0,1,0,2,5
463707,40,0.0,1.0,0,0,0,0,2,4
463713,25,9.0,3.0,1,0,0,2,2,3
463716,26,1.0,4.0,1,0,0,1,2,5
463718,33,0.0,4.0,0,0,1,0,2,5
463722,56,8.0,2.0,1,1,1,4,1,5
463724,30,0.0,5.0,1,0,0,5,2,3
463726,26,0.0,3.0,0,0,0,5,2,5
463727,28,0.0,5.0,0,0,0,1,2,2
463728,28,0.0,6.0,0,1,0,1,0,5
463732,20,1.0,4.0,1,0,0,5,2,5
463734,41,1.0,3.0,1,1,0,4,0,5
463741,37,0.0,3.0,1,1,1,0,1,5
463745,59,1.0,3.0,1,1,1,0,0,2
463747,43,0.0,2.0,0,1,1,0,0,5
463748,20,1.0,3.0,1,0,0,5,2,5
463753,30,1.0,5.0,0,0,1,5,2,1
463756,66,0.0,2.0,1,1,0,4,0,5
463761,28,1.0,3.0,1,1,1,0,0,5
463764,49,0.0,3.0,1,1,1,3,0,5
463767,27,9.0,2.0,1,1,1,0,0,5
463768,35,1.0,1.0,0,1,0,2,2,3
463774,33,0.0,2.0,1,1,1,5,0,5
463776,36,2.0,2.0,0,1,1,0,0,5
463782,27,9.0,1.0,0,0,1,0,2,5
463784,31,1.0,5.0,0,0,0,2,2,3
463785,30,0.0,4.0,0,0,0,5,2,3
463790,47,1.0,4.0,1,1,0,4,2,3
463799,36,1.0,4.0,0,0,1,0,2,1
463800,30,1.0,3.0,0,0,1,2,2,5
463804,60,9.0,1.0,1,1,1,0,2,5
463807,32,0.0,3.0,0,0,1,5,2,3
463811,32,0.0,2.0,0,1,1,0,0,3
463814,28,7.0,3.0,0,0,0,5,2,4
463816,46,2.0,4.0,1,1,1,5,1,6
463818,38,4.0,1.0,0,1,1,0,2,5
463821,30,7.0,2.0,1,1,1,3,2,5
463827,46,1.0,4.0,0,1,1,2,0,5
463828,37,0.0,2.0,1,1,0,2,0,0
463830,25,2.0,3.0,0,0,1,2,2,5
463834,43,1.0,4.0,0,1,1,2,0,5
463835,32,0.0,4.0,1,0,0,8,2,5
463842,50,1.0,4.0,0,1,1,2,1,5
463847,43,3.0,3.0,1,1,0,0,0,5
463856,37,0.0,2.0,1,1,1,0,0,3
463857,61,0.0,4.0,1,1,0,5,1,6
463859,39,5.0,2.0,1,1,1,0,0,5
463865,46,1.0,5.0,1,1,1,0,0,5
463877,37,0.0,4.0,1,1,0,3,0,3
463880,36,0.0,3.0,0,1,0,2,2,1
463884,28,0.0,1.0,0,0,0,0,2,5
463891,86,0.0,1.0,1,1,1,7,2,5
463892,42,8.0,1.0,1,0,1,0,2,5
463904,82,1.0,1.0,1,1,1,4,2,5
463917,18,1.0,8.0,0,0,0,5,2,3
463923,18,0.0,4.0,0,0,0,2,2,5
463924,36,1.0,1.0,0,0,1,0,2,4
463926,26,1.0,6.0,0,0,0,2,2,5
463931,49,1.0,2.0,1,1,1,3,0,5
463932,69,1.0,3.0,0,1,1,0,0,5
463941,29,1.0,6.0,0,0,0,0,2,3
463943,68,1.0,2.0,1,0,1,3,2,5
463946,33,4.0,3.0,1,0,0,5,2,3
463948,38,3.0,5.0,1,1,0,4,1,5
463951,52,1.0,3.0,1,1,0,3,0,5
463955,28,1.0,2.0,1,1,1,0,2,5
463958,27,1.0,5.0,0,0,0,5,2,1
463961,28,0.0,4.0,0,0,0,2,2,3
463963,25,7.0,3.0,0,1,0,2,1,5
463966,30,8.0,1.0,0,0,1,0,2,5
463978,40,1.0,3.0,1,1,1,0,0,1
463980,25,0.0,9.0,0,0,1,0,2,5
463983,43,0.0,2.0,0,1,0,2,0,3
463986,26,1.0,4.0,0,0,1,0,2,5
463997,37,0.0,3.0,0,1,0,3,0,5
464000,28,1.0,5.0,0,0,0,5,2,6
464004,31,1.0,5.0,0,1,0,8,2,3
464007,46,1.0,3.0,1,1,1,0,2,5
464009,47,5.0,4.0,0,1,1,0,0,5
464010,28,1.0,4.0,1,0,0,5,2,5
464013,30,0.0,1.0,1,0,0,5,2,5
464019,23,2.0,5.0,1,0,0,0,2,5
464021,22,1.0,5.0,0,0,0,5,2,5
464023,20,1.0,5.0,1,0,0,5,2,6
464030,22,1.0,4.0,1,0,0,3,2,5
464031,19,0.0,4.0,0,0,0,5,2,5
464032,21,1.0,3.0,1,0,0,5,2,5
464033,19,0.0,4.0,0,0,0,5,2,5
464039,39,1.0,2.0,1,0,1,0,2,5
464042,38,8.0,2.0,0,1,1,0,2,5
464046,33,3.0,1.0,1,0,1,5,2,5
464048,38,4.0,1.0,0,0,1,6,2,5
464049,29,0.0,3.0,0,0,1,5,2,5
464053,35,4.0,1.0,0,1,0,3,2,5
464054,32,9.0,2.0,1,1,1,0,0,5
464059,59,0.0,1.0,1,1,1,0,2,5
464063,32,0.0,1.0,0,0,1,1,2,5
464066,29,8.0,3.0,0,0,1,5,2,3
464067,31,0.0,4.0,0,0,1,3,2,1
464068,59,0.0,4.0,1,1,0,4,1,5
464071,87,0.0,2.0,1,1,1,7,1,5
464072,53,0.0,2.0,1,1,1,4,2,5
464076,83,0.0,2.0,1,1,0,7,1,5
464084,33,1.0,5.0,1,0,0,5,2,3
464096,27,1.0,5.0,0,0,0,5,2,3
464099,42,5.0,2.0,0,1,1,0,0,3
464103,46,4.0,2.0,1,1,1,0,0,5
464110,63,0.0,2.0,1,1,1,1,1,5
464112,32,1.0,2.0,1,0,1,1,2,5
464115,38,0.0,3.0,0,0,1,2,2,5
464118,38,1.0,2.0,1,0,1,3,2,5
464121,63,1.0,1.0,0,1,1,2,2,5
464123,45,1.0,1.0,0,0,1,0,2,5
464127,33,1.0,5.0,0,0,1,5,2,1
464132,27,0.0,2.0,1,0,0,3,2,5
464137,87,7.0,2.0,0,1,0,0,1,6
464139,25,14.0,1.0,0,0,0,5,2,5
464144,61,0.0,4.0,1,1,1,0,0,5
464152,41,1.0,4.0,1,1,1,0,1,5
464167,51,4.0,3.0,1,1,1,4,1,5
464172,60,3.0,3.0,1,1,1,0,1,5
464173,65,6.0,3.0,1,1,1,0,0,5
464176,41,1.0,1.0,0,1,1,0,2,5
464179,56,0.0,3.0,0,1,1,0,0,5
464180,74,1.0,2.0,0,1,0,7,1,5
464182,39,4.0,2.0,1,1,1,0,0,1
464183,42,2.0,2.0,0,0,0,0,2,5
464185,68,5.0,2.0,1,1,1,0,1,5
464195,30,1.0,1.0,1,0,1,0,2,5
464200,32,1.0,3.0,0,0,0,5,2,5
464202,43,13.0,1.0,1,1,1,0,2,5
464204,40,3.0,2.0,0,1,1,0,1,4
464205,87,0.0,2.0,0,1,0,3,1,5
464206,43,1.0,2.0,1,1,0,3,2,5
464211,48,1.0,3.0,1,1,1,1,0,1
464212,58,0.0,2.0,0,1,1,8,0,5
464217,30,14.0,3.0,0,0,0,5,2,5
464223,53,2.0,2.0,0,1,1,0,2,5
464226,56,3.0,3.0,0,1,1,0,0,5
464231,48,1.0,4.0,1,1,1,0,0,5
464232,28,1.0,5.0,1,1,0,1,2,5
464246,61,0.0,2.0,0,1,1,0,0,5
464254,62,1.0,3.0,1,1,1,3,0,5
464255,49,1.0,5.0,0,1,1,0,0,3
464265,62,1.0,2.0,1,1,1,3,2,5
464270,48,4.0,1.0,0,0,1,0,2,5
464271,36,1.0,3.0,0,1,1,0,0,1
464274,56,1.0,5.0,0,1,1,0,0,5
464276,66,0.0,2.0,0,1,0,8,1,0
464283,40,6.0,2.0,1,0,1,0,2,5
464286,57,0.0,2.0,0,1,1,0,0,5
464289,35,1.0,3.0,1,1,0,8,2,5
464292,58,0.0,2.0,1,1,1,0,0,5
464297,29,8.0,5.0,1,0,0,0,2,4
464298,26,0.0,1.0,1,0,0,1,2,5
464308,84,1.0,2.0,0,1,1,7,1,5
464318,86,0.0,1.0,1,1,1,4,2,5
464320,77,1.0,2.0,1,1,0,7,1,5
464326,37,0.0,3.0,0,0,1,0,2,5
464332,74,0.0,2.0,1,1,0,4,1,5
464339,27,1.0,2.0,1,0,0,0,2,5
464344,56,0.0,1.0,0,1,1,0,2,5
464351,27,0.0,1.0,0,0,1,5,2,5
464364,39,7.0,2.0,1,1,1,0,0,5
464368,35,3.0,2.0,1,1,1,3,0,5
464370,66,1.0,2.0,1,1,1,3,0,5
464373,47,0.0,2.0,0,0,1,0,2,5
464378,36,8.0,2.0,0,1,1,0,0,5
464381,43,4.0,2.0,1,1,1,0,0,5
464382,55,0.0,4.0,0,1,1,0,0,5
464386,41,0.0,3.0,1,1,1,1,0,5
464387,26,9.0,5.0,0,0,1,0,2,5
464389,72,0.0,2.0,1,1,1,0,1,1
464396,38,1.0,3.0,1,1,1,3,0,5
464412,72,1.0,2.0,1,1,0,7,2,5
464424,31,1.0,4.0,1,0,1,5,2,5
464425,41,9.0,1.0,1,0,1,0,2,5
464432,25,9.0,2.0,1,0,0,2,2,2
464436,83,0.0,2.0,1,1,1,7,1,3
464437,51,0.0,4.0,0,1,1,2,0,5
464441,40,0.0,2.0,1,1,1,0,2,1
464451,76,0.0,2.0,0,1,1,0,0,5
464456,29,1.0,4.0,1,1,1,0,2,5
464468,46,1.0,3.0,1,1,1,0,2,5
464473,58,0.0,4.0,0,1,1,0,0,5
464474,46,1.0,1.0,0,0,1,0,2,5
464478,74,0.0,2.0,0,1,0,7,1,5
464481,53,1.0,3.0,1,1,1,4,1,5
464482,63,1.0,1.0,1,1,1,0,2,5
464483,49,1.0,3.0,0,1,1,0,0,5
464485,25,5.0,2.0,1,0,1,3,2,2
464487,46,1.0,3.0,1,0,0,2,2,3
464488,43,7.0,9.0,0,0,1,0,2,5
464494,58,1.0,4.0,0,1,1,0,0,2
464499,41,1.0,4.0,1,1,1,4,1,5
464501,28,1.0,3.0,0,0,0,5,2,5
464504,26,0.0,4.0,1,0,1,5,2,5
464506,29,9.0,2.0,1,0,1,5,2,3
464522,39,14.0,1.0,0,0,1,2,2,5
464526,51,0.0,4.0,1,1,1,3,0,5
464528,46,4.0,4.0,1,1,1,3,1,1
464536,26,1.0,3.0,1,1,1,0,0,5
464540,42,1.0,4.0,0,1,1,2,0,3
464544,43,5.0,3.0,0,1,1,3,0,5
464549,53,1.0,4.0,1,1,1,4,2,5
464552,40,1.0,3.0,0,1,1,0,0,3
464553,71,1.0,2.0,1,1,1,0,2,5
464555,32,13.0,4.0,1,1,1,8,1,3
464560,41,9.0,2.0,1,0,1,3,2,5
464561,46,8.0,2.0,0,0,1,3,2,5
464566,40,0.0,4.0,1,1,1,4,1,5
464569,29,1.0,5.0,1,0,0,1,2,5
464570,25,1.0,2.0,1,1,1,1,0,5
464572,52,0.0,1.0,0,1,1,8,2,5
464576,30,9.0,5.0,1,0,1,1,2,5
464577,25,12.0,2.0,0,1,1,5,1,5
464580,32,9.0,4.0,1,0,0,0,2,5
464586,49,1.0,1.0,0,0,1,0,2,2
464593,43,1.0,4.0,0,0,1,1,2,1
464594,48,1.0,1.0,1,1,1,0,2,1
464597,41,5.0,2.0,1,0,0,0,2,5
464601,29,9.0,2.0,0,0,1,5,2,5
464603,35,0.0,2.0,0,0,1,0,2,2
464606,41,1.0,2.0,1,1,1,0,0,5
464607,47,1.0,4.0,0,1,1,0,0,1
464608,53,1.0,3.0,0,1,1,0,0,5
464620,40,0.0,2.0,0,1,1,0,1,5
464621,46,0.0,1.0,1,1,1,0,2,5
464641,71,2.0,6.0,0,1,1,7,2,0
464652,30,5.0,2.0,0,1,0,2,0,3
464654,40,1.0,4.0,0,1,0,2,0,3
464664,43,0.0,5.0,1,1,0,3,0,3
464666,40,3.0,3.0,1,1,1,3,0,3
464670,39,1.0,4.0,1,1,0,3,0,3
464673,49,1.0,7.0,1,1,0,4,1,1
464674,51,0.0,5.0,1,1,0,0,0,3
464675,39,1.0,9.0,0,1,0,1,0,3
464677,23,1.0,5.0,1,1,0,5,2,3
464683,53,0.0,6.0,1,1,0,2,0,3
464684,35,9.0,5.0,0,0,0,2,2,3
464685,35,2.0,4.0,1,0,0,4,2,3
464688,30,1.0,9.0,1,1,1,1,2,3
464691,38,1.0,3.0,1,0,1,0,2,3
464692,53,0.0,1.0,0,0,0,8,2,2
464693,36,8.0,1.0,0,0,1,2,2,3
464695,33,0.0,4.0,1,0,0,2,2,3
464696,40,1.0,1.0,0,0,1,2,2,3
464697,36,0.0,4.0,0,1,1,0,0,3
464699,31,1.0,5.0,1,0,0,1,2,3
464701,31,1.0,2.0,1,0,0,1,2,3
464704,41,0.0,4.0,1,1,1,5,0,3
464711,38,5.0,3.0,0,1,1,0,0,0
464712,49,1.0,5.0,1,1,0,0,2,3
464726,28,14.0,9.0,1,1,1,4,1,3
464728,51,0.0,4.0,1,1,0,3,1,3
464732,41,1.0,2.0,1,1,0,0,0,3
464737,57,0.0,6.0,0,1,0,2,0,3
464739,67,0.0,1.0,1,1,1,0,2,3
464746,29,3.0,5.0,1,1,0,4,0,3
464755,49,0.0,2.0,1,1,1,0,1,5
464756,28,6.0,3.0,0,0,0,2,2,3
464758,48,1.0,4.0,0,1,0,2,0,3
464760,51,5.0,4.0,0,1,0,2,0,3
464765,48,5.0,6.0,0,1,0,2,0,3
464766,48,5.0,5.0,0,1,0,2,0,3
464772,39,8.0,4.0,0,1,0,2,0,3
464774,50,7.0,5.0,0,1,0,2,0,3
464780,33,1.0,9.0,0,0,0,2,2,3
464792,30,2.0,5.0,1,1,0,8,1,3
464799,36,0.0,4.0,1,0,0,8,2,3
464802,43,0.0,1.0,1,0,0,3,2,3
464804,26,1.0,1.0,1,1,0,3,2,3
464806,33,0.0,2.0,1,1,0,4,2,3
464812,49,1.0,5.0,0,1,1,2,1,3
464813,48,6.0,5.0,1,1,1,2,0,5
464817,31,5.0,1.0,1,0,1,0,2,3
464825,21,5.0,1.0,0,0,0,5,2,3
464827,50,8.0,5.0,0,1,0,3,0,3
464828,23,9.0,6.0,1,0,0,5,2,3
464831,21,0.0,2.0,0,1,0,5,2,3
464835,20,0.0,6.0,1,0,0,5,2,3
464845,29,0.0,3.0,1,1,0,2,0,3
464849,42,0.0,4.0,1,1,1,0,0,3
464851,20,0.0,6.0,1,0,0,1,2,3
464852,36,1.0,6.0,1,1,0,4,2,3
464854,42,0.0,6.0,0,1,0,2,1,3
464857,18,7.0,4.0,1,0,0,5,2,3
464864,30,10.0,8.0,0,0,0,2,2,3
464865,28,9.0,9.0,0,0,0,6,2,3
464868,42,7.0,6.0,1,1,1,3,2,3
464872,38,1.0,4.0,1,1,1,0,2,3
464873,42,1.0,2.0,1,1,1,0,0,3
464879,29,0.0,2.0,0,1,1,1,0,3
464884,40,1.0,2.0,1,1,1,0,2,3
464885,38,1.0,2.0,0,0,0,2,2,3
464886,37,1.0,4.0,1,1,1,2,0,3
464902,65,1.0,1.0,0,1,0,7,2,3
464910,47,1.0,5.0,0,1,1,0,0,3
464911,57,0.0,3.0,1,1,1,0,0,3
464919,37,9.0,1.0,1,1,1,0,2,3
464920,39,4.0,1.0,1,0,1,0,2,3
464921,39,1.0,5.0,1,1,0,1,0,3
464927,70,1.0,2.0,0,1,1,0,0,3
464932,51,9.0,1.0,1,1,1,4,2,3
464938,48,1.0,3.0,1,1,0,0,2,3
464939,43,0.0,1.0,1,0,0,3,2,3
464940,29,1.0,2.0,0,1,0,2,2,3
464944,43,0.0,2.0,0,1,1,3,2,3
464947,25,5.0,1.0,1,0,0,1,2,3
464957,75,0.0,1.0,0,1,0,7,2,3
464960,22,0.0,5.0,0,0,0,5,2,3
464961,86,1.0,1.0,1,1,0,8,2,3
464963,50,1.0,2.0,0,1,1,3,2,3
464972,73,1.0,9.0,1,1,0,7,1,3
464981,49,0.0,4.0,1,1,1,0,0,5
464987,46,1.0,5.0,1,1,1,4,1,5
464990,73,0.0,2.0,1,1,0,4,1,5
464991,87,1.0,2.0,0,1,1,7,1,5
464995,53,2.0,4.0,1,1,0,4,1,3
465001,84,1.0,2.0,1,1,1,7,1,5
465005,47,3.0,3.0,1,1,1,4,1,5
465012,59,1.0,4.0,1,1,0,4,1,5
465014,82,1.0,1.0,1,1,0,7,2,5
465022,71,0.0,2.0,0,1,1,7,1,5
465023,39,9.0,2.0,1,1,1,0,0,1
465026,25,0.0,2.0,0,0,0,1,2,5
465032,67,1.0,2.0,1,1,1,4,1,5
465035,83,13.0,2.0,0,1,1,7,1,5
465038,49,0.0,4.0,1,1,0,4,1,5
465039,87,0.0,2.0,0,1,0,7,1,5
465040,69,1.0,2.0,1,1,0,7,0,5
465045,40,9.0,2.0,1,1,1,3,0,5
465056,87,1.0,2.0,1,1,1,7,1,5
465069,68,0.0,3.0,1,1,1,5,0,5
465076,67,0.0,5.0,1,1,1,0,1,5
465079,80,1.0,1.0,1,1,1,7,2,5
465082,65,1.0,1.0,1,1,1,7,2,2
465087,29,0.0,4.0,1,0,1,1,2,5
465092,72,1.0,2.0,1,1,1,4,1,5
465093,57,0.0,1.0,1,1,1,1,2,5
465095,47,1.0,4.0,1,1,1,4,1,5
465099,39,1.0,2.0,1,1,0,3,0,5
465100,62,0.0,2.0,1,1,1,0,1,5
465101,81,1.0,1.0,0,1,1,7,2,5
465105,65,8.0,2.0,1,1,0,4,0,5
465111,40,8.0,2.0,0,1,1,0,0,5
465112,86,0.0,2.0,0,1,0,7,1,5
465113,67,0.0,2.0,1,1,1,7,1,3
465119,45,0.0,5.0,0,1,1,0,0,5
465120,27,1.0,4.0,0,0,1,5,2,5
465121,32,7.0,1.0,0,0,1,0,2,2
465122,41,3.0,2.0,0,1,1,0,0,5
465124,27,6.0,2.0,0,1,1,5,0,5
465128,58,0.0,3.0,0,1,0,0,0,5
465134,61,1.0,5.0,0,1,1,3,0,5
465136,52,0.0,2.0,1,1,1,0,0,5
465144,25,8.0,1.0,1,0,1,1,2,5
465147,33,2.0,3.0,1,0,1,5,2,5
465150,37,1.0,1.0,1,0,1,3,2,5
465153,38,1.0,2.0,1,1,1,0,0,5
465155,81,0.0,1.0,1,1,1,7,2,5
465160,61,0.0,3.0,1,1,1,4,1,5
465164,20,0.0,3.0,1,0,0,5,2,5
465171,48,8.0,4.0,0,1,1,0,1,5
465172,43,8.0,2.0,0,1,1,0,0,5
465175,22,0.0,4.0,0,0,0,6,2,5
465176,63,1.0,4.0,0,1,1,0,0,5
465181,25,8.0,1.0,0,0,1,5,2,3
465182,73,1.0,1.0,0,0,1,7,2,5
465186,43,4.0,4.0,0,1,0,0,0,0
465187,39,1.0,4.0,0,1,0,1,0,3
465188,49,0.0,4.0,0,1,1,0,0,5
465189,83,1.0,2.0,0,1,1,7,1,5
465194,22,9.0,6.0,1,0,0,5,2,1
465196,31,2.0,2.0,0,0,1,0,2,3
465197,60,1.0,4.0,0,1,1,0,1,5
465201,42,1.0,4.0,1,1,1,3,0,2
465202,25,7.0,4.0,1,0,0,3,2,5
465203,29,3.0,3.0,1,0,1,5,2,5
465204,29,1.0,2.0,1,1,1,5,2,5
465213,39,2.0,2.0,1,1,1,3,0,5
465214,33,14.0,1.0,1,1,0,2,2,5
465216,35,9.0,4.0,1,1,1,4,1,5
465226,38,2.0,3.0,1,1,0,3,2,5
465228,59,1.0,2.0,1,1,1,0,1,5
465231,67,1.0,2.0,1,1,0,0,0,5
465236,45,1.0,1.0,1,1,1,0,2,5
465242,19,5.0,4.0,1,0,0,5,2,2
465249,23,0.0,4.0,0,0,0,5,2,5
465254,22,1.0,4.0,1,0,0,5,2,6
465261,23,1.0,4.0,0,0,1,5,2,0
465264,80,0.0,1.0,1,1,0,4,2,5
465267,40,14.0,5.0,1,1,0,2,0,3
465274,36,0.0,1.0,1,0,1,0,2,3
465285,31,8.0,4.0,0,1,0,2,2,5
465288,20,1.0,2.0,0,1,0,2,2,3
465289,31,1.0,2.0,1,1,1,4,1,5
465290,50,0.0,5.0,1,1,1,4,1,5
465294,67,0.0,2.0,1,1,0,7,2,5
465296,85,5.0,3.0,0,1,1,7,1,5
465303,65,1.0,3.0,0,1,1,0,0,1
465306,71,1.0,4.0,1,1,0,4,0,1
465310,20,1.0,6.0,0,0,0,5,2,3
465319,20,0.0,5.0,1,0,0,5,2,5
465333,37,4.0,2.0,0,1,1,0,2,6
465335,59,1.0,2.0,1,1,0,3,0,6
465340,29,3.0,4.0,0,0,1,0,2,1
465342,85,0.0,2.0,1,1,1,4,1,5
465344,72,1.0,2.0,0,1,1,7,1,5
465351,45,9.0,2.0,0,1,1,0,0,5
465352,59,1.0,4.0,1,1,1,3,0,5
465354,19,0.0,5.0,1,0,0,1,2,1
465357,47,0.0,3.0,0,1,1,0,0,5
465358,73,0.0,2.0,0,1,1,0,1,5
465359,42,1.0,1.0,0,1,0,0,2,5
465364,37,7.0,5.0,0,0,1,1,2,1
465366,38,8.0,1.0,0,0,1,0,2,5
465371,41,1.0,1.0,0,0,1,0,2,5
465372,40,0.0,1.0,0,0,1,3,2,5
465383,30,0.0,4.0,0,1,1,3,2,5
465384,56,0.0,2.0,1,1,1,0,1,5
465391,65,1.0,2.0,0,1,1,7,1,5
465393,35,5.0,2.0,1,1,1,0,0,5
465395,37,0.0,5.0,0,1,0,2,0,3
465399,36,0.0,1.0,1,0,1,3,2,3
465410,30,0.0,4.0,1,0,0,5,2,4
465419,30,0.0,3.0,1,0,0,0,2,5
465423,46,1.0,4.0,1,1,1,3,0,6
465428,38,1.0,1.0,0,0,1,2,2,3
465435,31,5.0,1.0,0,0,1,0,2,5
465437,45,4.0,5.0,1,1,1,4,1,5
465440,55,1.0,5.0,1,1,0,2,2,5
465441,51,2.0,1.0,0,1,1,2,2,3
465445,29,5.0,7.0,0,0,1,6,2,5
465458,74,1.0,2.0,0,1,1,0,1,5
465461,69,1.0,3.0,1,1,0,3,0,5
465471,39,0.0,1.0,1,1,1,0,2,5
465473,59,4.0,1.0,0,0,1,0,2,5
465477,27,1.0,3.0,1,0,0,5,2,1
465479,33,0.0,1.0,1,0,0,0,2,3
465482,31,9.0,2.0,1,0,0,3,2,1
465483,46,0.0,3.0,1,1,0,0,0,5
465484,63,0.0,2.0,0,1,1,0,2,5
465488,22,1.0,4.0,1,0,0,5,2,5
465489,53,1.0,5.0,0,0,1,2,2,5
465492,59,1.0,1.0,1,1,0,3,2,1
465505,63,1.0,4.0,1,1,1,0,0,5
465507,35,8.0,1.0,1,1,1,0,2,5
465508,21,1.0,4.0,1,0,0,5,2,5
465510,67,0.0,2.0,1,1,0,7,1,5
465518,41,1.0,3.0,0,1,1,0,0,3
465520,27,0.0,8.0,0,0,1,0,2,1
465521,53,1.0,2.0,0,1,1,0,0,6
465522,33,4.0,8.0,0,0,1,5,2,4
465529,32,0.0,4.0,0,0,0,1,2,5
465539,50,1.0,5.0,0,1,1,0,1,5
465541,50,1.0,4.0,0,1,1,0,0,6
465543,41,1.0,2.0,0,1,1,5,0,2
465550,33,1.0,6.0,0,0,1,5,2,2
465554,78,1.0,3.0,0,0,1,7,2,5
465558,40,8.0,1.0,0,0,1,5,2,6
465568,43,2.0,3.0,1,1,1,4,1,5
465569,36,0.0,3.0,1,1,1,0,1,5
465571,35,1.0,2.0,1,1,1,3,0,1
465577,30,0.0,4.0,1,0,0,5,2,2
465584,47,3.0,2.0,1,1,0,3,0,5
465586,69,0.0,1.0,1,1,0,0,2,5
465594,33,4.0,6.0,1,1,0,4,2,2
465598,27,6.0,5.0,1,0,1,5,2,1
465600,38,6.0,2.0,1,1,1,2,2,2
465602,27,10.0,2.0,1,1,1,0,2,2
465605,52,4.0,1.0,0,1,1,2,2,2
465611,53,0.0,1.0,1,0,1,1,2,5
465612,43,8.0,2.0,1,1,1,0,0,5
465616,42,8.0,2.0,1,1,1,1,2,5
465621,36,9.0,1.0,1,0,1,1,2,5
465625,36,14.0,2.0,1,0,1,0,2,5
465627,40,1.0,1.0,0,0,1,5,2,5
465629,47,2.0,3.0,1,1,1,3,0,5
465635,30,1.0,2.0,1,0,0,1,2,3
465640,45,5.0,2.0,1,1,1,0,0,5
465644,33,0.0,5.0,1,0,1,5,2,5
465645,40,8.0,2.0,0,0,1,0,2,5
465649,36,5.0,1.0,0,1,1,8,2,5
465651,32,0.0,4.0,1,0,0,2,2,5
465653,51,0.0,2.0,0,1,1,0,2,5
465655,49,0.0,1.0,0,0,1,0,2,5
465658,72,1.0,4.0,1,1,1,0,0,5
465663,70,0.0,2.0,0,0,1,0,2,5
465667,21,0.0,3.0,1,0,0,5,2,1
465668,21,1.0,5.0,1,0,0,5,2,3
465669,41,4.0,4.0,0,1,0,3,0,3
465670,49,12.0,1.0,0,0,0,2,2,3
465675,51,0.0,1.0,0,0,0,3,2,3
465680,28,0.0,5.0,1,1,0,5,0,3
465685,37,5.0,2.0,1,0,1,5,2,2
465689,19,8.0,4.0,1,0,0,5,2,2
465697,51,6.0,1.0,0,1,0,0,2,5
465703,26,3.0,2.0,1,1,0,3,2,3
465704,61,0.0,1.0,1,1,0,0,2,5
465705,51,0.0,4.0,0,1,1,0,0,5
465706,45,0.0,3.0,0,1,1,0,0,5
465721,29,1.0,2.0,1,1,1,3,1,2
465725,25,1.0,2.0,1,0,1,1,2,2
465727,40,0.0,5.0,1,0,0,8,2,3
465733,32,1.0,2.0,1,1,1,3,0,3
465734,38,0.0,3.0,1,1,1,0,2,0
465736,38,8.0,2.0,0,0,1,0,2,2
465737,48,7.0,3.0,0,1,1,2,2,2
465740,71,0.0,1.0,0,0,1,1,2,5
465742,46,3.0,3.0,0,1,1,0,2,5
465751,46,9.0,2.0,0,1,1,0,2,5
465753,49,7.0,2.0,0,1,1,0,2,5
465766,43,0.0,3.0,1,1,0,3,2,3
465768,38,6.0,4.0,0,0,1,0,2,3
465769,25,8.0,4.0,1,0,1,5,2,5
465772,46,0.0,4.0,0,1,1,2,2,0
465775,28,9.0,3.0,0,0,1,2,2,5
465776,41,5.0,4.0,0,0,1,3,2,5
465777,32,9.0,5.0,0,0,1,0,2,5
465784,21,0.0,4.0,0,0,0,5,2,2
465788,22,1.0,6.0,1,0,0,5,2,3
465793,27,0.0,5.0,1,0,0,5,2,3
465797,40,0.0,2.0,1,1,1,0,0,1
465804,68,0.0,1.0,0,1,0,2,2,3
465809,25,1.0,7.0,0,0,0,6,2,3
465811,28,1.0,4.0,1,0,0,5,2,3
465813,28,2.0,8.0,1,0,0,8,2,3
465818,27,1.0,3.0,1,0,0,3,2,3
465823,67,5.0,4.0,1,1,0,3,0,3
465826,46,4.0,9.0,1,1,0,4,2,3
465828,33,8.0,4.0,0,0,0,3,2,3
465829,40,6.0,3.0,0,1,1,1,0,3
465831,42,0.0,5.0,1,1,0,4,1,3
465841,51,3.0,1.0,0,0,1,2,2,5
465848,27,0.0,1.0,0,0,1,5,2,6
465849,25,7.0,3.0,0,0,1,1,2,3
465851,51,9.0,2.0,0,1,0,0,1,3
465857,35,0.0,1.0,0,0,1,1,2,5
465863,30,6.0,3.0,1,0,0,5,2,5
465865,41,9.0,1.0,0,0,1,5,2,5
465866,42,6.0,3.0,1,1,1,0,2,5
465867,40,8.0,5.0,0,1,1,0,1,5
465873,36,13.0,1.0,1,0,1,3,2,5
465875,39,9.0,1.0,0,0,1,0,2,5
465884,40,7.0,3.0,1,1,1,4,1,5
465893,40,1.0,2.0,0,1,1,2,0,5
465894,28,9.0,6.0,1,0,1,0,2,5
465916,41,4.0,1.0,1,0,1,0,2,5
465923,28,9.0,5.0,0,0,1,2,2,5
465925,30,1.0,1.0,1,0,1,5,2,5
465927,30,1.0,1.0,0,0,1,5,2,5
465930,38,9.0,2.0,0,0,1,0,2,5
465931,43,7.0,1.0,1,1,1,0,2,6
465935,29,9.0,1.0,1,0,1,3,2,5
465937,30,9.0,3.0,0,0,1,5,2,5
465941,27,0.0,2.0,1,1,1,5,2,5
465948,48,0.0,2.0,0,1,1,0,0,5
465953,51,1.0,1.0,0,0,1,0,2,5
465957,48,0.0,1.0,0,0,1,8,2,5
465960,28,9.0,1.0,0,0,1,8,2,5
465961,40,3.0,1.0,0,0,1,0,2,5
465963,51,1.0,2.0,1,1,1,0,2,5
465965,36,8.0,2.0,0,1,0,8,2,5
465972,51,9.0,1.0,0,0,1,8,2,5
465974,45,5.0,4.0,1,1,1,4,1,3
465975,40,8.0,1.0,1,0,1,0,2,5
465976,40,0.0,1.0,1,0,1,0,2,6
465979,41,2.0,2.0,1,1,1,0,2,5
465982,43,0.0,4.0,1,1,1,3,0,5
465996,23,1.0,4.0,1,0,0,5,2,5
465997,31,0.0,3.0,0,0,0,1,2,5
466001,42,6.0,2.0,0,1,1,3,2,5
466007,61,0.0,1.0,1,1,0,0,2,6
466017,45,0.0,1.0,0,1,1,6,2,2
466019,63,5.0,1.0,0,1,1,0,2,2
466020,86,0.0,1.0,1,1,0,7,2,5
466024,43,14.0,2.0,0,1,0,3,2,2
466042,47,0.0,2.0,1,1,0,3,2,5
466043,53,0.0,4.0,0,1,1,0,0,5
466046,36,1.0,2.0,0,1,0,3,0,3
466071,60,3.0,3.0,0,1,1,0,2,3
466079,42,0.0,2.0,0,1,0,2,2,5
466082,89,1.0,1.0,0,1,1,7,2,5
466083,23,4.0,2.0,0,0,0,8,2,2
466084,46,11.0,1.0,1,1,1,6,2,2
466088,30,0.0,7.0,0,0,0,5,2,5
466092,73,0.0,4.0,1,1,1,0,0,5
466099,71,0.0,1.0,0,1,1,7,2,5
466103,35,0.0,5.0,0,1,0,2,2,5
466109,52,1.0,4.0,1,1,1,3,0,5
466111,84,0.0,2.0,1,1,1,7,2,5
466114,47,1.0,5.0,1,1,1,3,0,5
466115,39,0.0,2.0,1,1,0,4,2,5
466118,40,0.0,3.0,0,1,0,2,2,3
466124,46,1.0,1.0,0,0,1,0,2,5
466128,40,3.0,2.0,1,0,1,0,2,5
466130,27,1.0,6.0,0,0,0,0,2,5
466132,23,4.0,4.0,0,0,0,5,2,6
466136,21,1.0,2.0,0,0,1,0,2,5
466138,70,2.0,2.0,1,1,0,7,1,5
466140,28,1.0,2.0,1,1,1,3,2,5
466141,58,1.0,4.0,0,1,1,6,2,5
466142,27,0.0,2.0,0,1,1,3,0,5
466146,37,8.0,3.0,0,1,0,2,0,5
466148,39,1.0,4.0,1,1,0,3,0,5
466149,28,2.0,4.0,0,0,0,1,2,5
466153,73,0.0,2.0,1,1,0,3,0,5
466154,51,1.0,5.0,0,1,1,0,0,2
466156,48,8.0,3.0,0,1,1,1,0,1
466162,67,0.0,1.0,0,1,1,1,2,3
466166,77,0.0,2.0,1,1,1,7,1,3
466172,46,3.0,3.0,1,1,1,0,0,5
466178,52,1.0,4.0,0,1,1,0,0,5
466180,67,1.0,1.0,1,1,0,7,2,5
466185,62,0.0,4.0,1,1,1,1,0,5
466200,45,8.0,3.0,1,1,1,1,0,3
466201,40,1.0,5.0,1,1,1,1,0,3
466206,60,4.0,2.0,0,1,1,0,0,2
466207,37,8.0,4.0,0,1,1,1,0,1
466208,69,2.0,1.0,1,1,0,4,1,5
466210,58,1.0,4.0,0,1,1,0,1,5
466213,20,2.0,5.0,1,0,0,5,2,5
466223,66,0.0,1.0,1,1,1,0,2,3
466225,19,1.0,3.0,1,0,0,5,2,1
466226,53,0.0,5.0,0,1,1,0,0,5
466233,59,6.0,1.0,0,1,1,6,2,5
466235,61,0.0,4.0,0,1,1,0,0,3
466236,68,1.0,2.0,0,1,1,2,2,3
466238,20,1.0,3.0,1,0,0,5,2,3
466246,20,1.0,4.0,1,0,0,5,2,1
466253,19,1.0,3.0,1,0,0,5,2,1
466257,27,1.0,4.0,0,0,0,5,2,5
466268,67,0.0,3.0,0,1,1,0,0,3
466271,27,1.0,3.0,1,0,0,3,2,1
466276,32,1.0,5.0,0,0,0,1,2,3
466285,19,1.0,5.0,0,0,0,5,2,1
466286,52,1.0,5.0,0,1,1,0,0,1
466287,47,1.0,2.0,0,1,1,1,0,1
466289,19,3.0,5.0,1,0,0,5,2,1
466292,79,1.0,2.0,0,1,0,7,1,5
466297,19,1.0,4.0,0,0,0,5,2,3
466300,48,0.0,3.0,0,1,1,0,2,1
466301,52,1.0,3.0,1,1,1,0,0,1
466306,23,1.0,4.0,1,0,0,5,2,5
466313,58,1.0,1.0,0,1,1,0,2,3
466315,69,1.0,1.0,0,1,1,2,2,5
466317,37,4.0,1.0,1,1,1,3,2,5
466318,30,0.0,3.0,0,0,0,5,2,5
466320,39,8.0,2.0,0,0,1,2,2,3
466321,43,3.0,2.0,1,1,1,3,2,3
466324,32,0.0,1.0,0,0,0,2,2,3
466326,23,0.0,5.0,1,0,0,5,2,2
466335,30,1.0,3.0,0,0,0,5,2,3
466337,41,1.0,2.0,0,1,0,2,2,3
466341,49,1.0,2.0,1,1,1,0,0,4
466347,66,6.0,3.0,1,1,0,4,2,3
466352,67,1.0,2.0,0,1,1,1,2,5
466355,30,0.0,2.0,1,0,1,5,2,5
466367,39,6.0,1.0,0,0,1,1,2,1
466372,57,0.0,5.0,0,1,1,0,0,5
466373,63,1.0,1.0,1,1,1,4,1,5
466376,52,4.0,3.0,0,1,0,6,1,5
466380,35,7.0,2.0,1,1,1,3,2,5
466381,52,4.0,2.0,1,1,1,0,0,5
466382,45,2.0,2.0,0,1,1,2,1,3
466387,37,8.0,2.0,1,1,1,3,0,5
466389,45,1.0,2.0,0,1,1,2,0,5
466393,42,1.0,6.0,0,1,0,3,2,2
466395,39,3.0,2.0,0,1,1,1,1,3
466397,18,0.0,3.0,1,0,0,5,2,2
466400,43,1.0,3.0,1,1,0,0,0,2
466401,50,1.0,4.0,1,1,0,4,0,5
466402,37,1.0,4.0,1,1,1,0,0,5
466404,37,1.0,1.0,0,0,1,2,2,5
466406,63,0.0,3.0,1,1,1,3,2,5
466408,83,1.0,2.0,1,1,1,7,2,2
466411,55,1.0,3.0,1,1,1,0,0,2
466414,71,1.0,3.0,1,1,1,0,2,5
466418,87,1.0,1.0,1,1,0,7,2,3
466419,49,2.0,5.0,0,1,1,3,0,2
466422,27,0.0,4.0,1,1,0,1,2,3
466427,25,1.0,4.0,0,1,0,8,2,3
466429,42,0.0,2.0,1,1,0,5,2,2
466443,66,4.0,2.0,0,1,1,0,2,5
466450,32,1.0,1.0,0,0,1,5,2,5
466455,32,4.0,2.0,0,1,1,1,2,5
466456,37,8.0,1.0,0,1,0,1,2,1
466463,33,3.0,4.0,0,0,1,5,2,3
466464,45,2.0,2.0,0,1,1,6,0,2
466467,37,0.0,3.0,0,1,1,0,0,2
466468,30,4.0,4.0,1,0,1,1,2,2
466474,31,5.0,3.0,1,0,1,3,2,5
466478,48,0.0,4.0,0,1,1,0,0,2
466486,36,8.0,2.0,0,1,1,1,2,3
466488,61,0.0,6.0,1,1,1,3,0,5
466490,83,0.0,2.0,0,1,0,7,1,5
466493,77,1.0,2.0,1,1,0,7,1,5
466500,46,3.0,3.0,0,1,1,0,1,3
466501,48,0.0,3.0,1,1,1,2,0,2
466502,19,0.0,5.0,1,0,0,5,2,2
466516,21,1.0,3.0,1,0,0,5,2,5
466526,27,0.0,5.0,1,0,0,5,2,1
466527,49,0.0,1.0,0,1,0,8,2,4
466533,53,1.0,1.0,0,0,1,3,2,5
466535,29,8.0,1.0,1,0,1,0,2,5
466536,23,3.0,4.0,1,0,0,5,2,3
466538,84,1.0,2.0,1,1,1,7,1,5
466541,38,0.0,4.0,1,0,1,3,2,5
466543,26,11.0,2.0,1,0,1,1,2,6
466545,19,1.0,4.0,0,0,0,5,2,1
466552,20,0.0,2.0,1,1,0,3,2,5
466553,36,0.0,3.0,1,1,1,5,2,5
466556,18,1.0,3.0,1,0,0,5,2,5
466562,20,7.0,4.0,0,0,0,5,2,5
466564,18,1.0,4.0,0,0,0,8,2,5
466565,32,7.0,2.0,1,1,0,0,0,5
466576,18,0.0,4.0,0,0,0,5,2,5
466586,18,0.0,2.0,1,0,0,5,2,5
466588,21,8.0,4.0,0,0,0,5,2,5
466596,75,1.0,2.0,0,1,1,0,1,5
466603,37,0.0,2.0,1,1,1,2,0,5
466606,35,1.0,3.0,0,1,1,2,2,2
466613,20,9.0,3.0,1,0,0,5,2,5
466631,58,0.0,3.0,1,1,1,0,2,5
466634,20,1.0,5.0,1,0,0,5,2,5
466635,50,4.0,2.0,1,1,1,0,0,5
466650,27,8.0,3.0,0,0,0,5,2,3
466652,58,1.0,2.0,0,1,1,1,0,5
466655,62,1.0,2.0,1,1,0,4,2,5
466656,79,0.0,2.0,1,1,1,8,1,5
466658,19,1.0,4.0,0,0,0,5,2,5
466665,36,1.0,2.0,1,1,1,0,0,5
466666,29,1.0,2.0,0,1,1,5,2,5
466686,22,0.0,4.0,0,0,0,5,2,5
466687,21,1.0,3.0,1,0,0,5,2,5
466688,22,0.0,3.0,1,0,0,5,2,3
466689,28,9.0,3.0,1,0,1,0,2,5
466696,48,3.0,4.0,0,1,1,0,0,5
466704,48,3.0,2.0,1,1,1,1,0,5
466705,66,0.0,3.0,1,1,0,7,2,5
466707,47,1.0,4.0,0,1,1,6,2,5
466713,68,1.0,4.0,0,1,1,0,1,5
466720,59,0.0,1.0,0,1,0,7,2,1
466721,38,7.0,2.0,1,1,1,1,0,5
466725,76,1.0,2.0,0,1,0,7,1,5
466731,40,3.0,2.0,0,1,1,2,2,3
466732,49,0.0,2.0,0,1,1,2,1,3
466746,69,0.0,2.0,0,1,1,7,1,5
466752,36,1.0,1.0,1,1,1,5,2,5
466753,67,0.0,2.0,0,1,1,0,0,2
466754,37,1.0,3.0,0,1,1,0,0,5
466760,51,1.0,4.0,1,1,1,1,0,5
466765,67,1.0,2.0,0,1,1,7,2,5
466769,29,1.0,4.0,0,0,1,3,2,5
466775,76,0.0,2.0,0,1,1,7,2,5
466776,86,0.0,1.0,1,1,1,7,2,5
466777,51,9.0,2.0,0,1,1,6,0,5
466778,35,1.0,2.0,1,1,1,3,2,2
466788,30,3.0,2.0,1,0,0,1,2,5
466790,47,0.0,2.0,1,1,1,1,0,2
466791,81,0.0,1.0,1,1,0,7,2,5
466792,85,0.0,1.0,0,1,0,7,2,5
466799,21,2.0,3.0,0,0,0,5,2,5
466808,41,1.0,1.0,0,0,0,2,2,5
466810,18,0.0,3.0,1,0,0,5,2,5
466814,23,0.0,3.0,1,0,0,5,2,5
466815,31,1.0,5.0,1,0,0,5,2,3
466816,82,0.0,2.0,1,1,1,7,1,5
466818,84,1.0,2.0,1,1,0,4,1,5
466826,41,1.0,2.0,1,1,1,3,2,5
466832,66,0.0,2.0,0,1,1,0,0,3
466833,57,5.0,2.0,1,1,1,0,2,5
466846,20,3.0,4.0,1,0,0,5,2,1
466863,32,14.0,1.0,0,0,0,6,2,5
466867,29,11.0,1.0,0,0,0,6,2,5
466874,38,1.0,3.0,1,1,1,3,0,5
466884,43,1.0,1.0,0,1,0,1,2,5
466886,42,1.0,1.0,0,0,0,8,2,5
466891,48,8.0,1.0,0,1,0,6,2,5
466905,62,0.0,1.0,1,1,1,0,2,5
466906,63,0.0,2.0,1,0,1,0,2,5
466908,60,1.0,2.0,1,1,1,3,2,5
466909,63,1.0,2.0,1,1,1,0,2,5
466910,62,9.0,1.0,1,1,1,3,2,5
466918,63,0.0,1.0,1,1,1,0,0,5
466920,19,6.0,4.0,1,0,0,5,2,2
466923,21,8.0,1.0,0,0,0,6,2,5
466927,22,6.0,5.0,1,0,0,2,2,1
466936,60,1.0,3.0,1,1,0,7,1,5
466938,59,8.0,1.0,1,1,1,0,2,5
466939,73,1.0,2.0,1,1,0,7,1,5
466951,52,0.0,3.0,0,1,1,0,1,5
466954,66,9.0,2.0,0,1,0,1,0,5
466955,61,1.0,4.0,1,1,0,3,2,2
466956,61,1.0,1.0,0,1,1,0,2,5
466961,61,2.0,2.0,0,1,1,0,0,5
466966,59,1.0,2.0,1,1,1,3,0,5
466967,51,1.0,1.0,1,1,1,0,2,5
466970,36,9.0,2.0,0,1,1,6,2,3
466971,71,9.0,3.0,1,0,1,4,2,5
466975,48,1.0,2.0,1,1,1,0,0,5
466990,43,9.0,2.0,1,1,1,3,0,5
466996,36,9.0,1.0,0,0,1,0,2,5
466999,33,1.0,3.0,1,0,1,5,2,5
467000,31,1.0,6.0,0,0,1,0,2,3
467008,57,1.0,3.0,1,1,1,0,0,5
467009,33,2.0,4.0,0,0,0,6,2,2
467022,30,1.0,5.0,1,0,1,0,2,5
467023,26,8.0,2.0,1,1,0,1,0,5
467025,29,1.0,3.0,0,0,0,2,2,5
467044,42,0.0,1.0,0,0,1,8,2,6
467046,30,0.0,5.0,0,0,0,1,2,2
467050,18,1.0,5.0,0,0,0,2,2,1
467053,18,5.0,4.0,1,0,0,5,2,5
467058,80,0.0,2.0,1,1,0,4,1,5
467060,35,7.0,2.0,1,0,0,2,2,5
467063,45,1.0,2.0,1,1,1,3,0,5
467073,42,8.0,1.0,1,0,1,2,2,5
467079,38,1.0,2.0,1,1,1,0,2,5
467084,41,1.0,7.0,1,1,1,0,0,5
467085,45,1.0,2.0,1,0,1,3,2,5
467088,57,1.0,1.0,1,1,1,0,2,2
467092,33,5.0,4.0,0,0,1,5,2,5
467093,51,8.0,2.0,0,1,1,0,0,5
467098,85,1.0,2.0,1,1,0,4,2,5
467099,30,0.0,3.0,0,0,0,3,2,5
467107,38,1.0,3.0,1,1,1,2,0,3
467111,66,1.0,1.0,1,1,1,0,2,5
467112,40,0.0,2.0,1,0,1,0,2,1
467114,61,1.0,3.0,1,1,1,8,0,5
467116,65,1.0,2.0,1,1,1,4,1,5
467119,37,0.0,4.0,1,1,0,8,1,6
467125,51,1.0,4.0,1,1,0,3,0,2
467132,73,0.0,2.0,0,1,1,2,2,5
467136,37,1.0,4.0,1,1,0,3,0,3
467137,55,0.0,1.0,0,1,1,2,2,5
467138,32,12.0,1.0,0,0,0,6,2,5
467139,28,0.0,3.0,0,0,1,0,2,5
467143,50,0.0,3.0,0,0,0,7,2,5
467144,38,1.0,2.0,1,1,1,3,2,5
467146,28,8.0,1.0,0,0,0,6,2,5
467147,46,1.0,1.0,1,0,1,3,2,5
467157,39,8.0,6.0,1,1,1,4,1,6
467159,37,9.0,2.0,0,1,1,6,1,5
467168,47,9.0,2.0,1,1,1,0,0,0
467180,43,1.0,3.0,1,1,1,5,2,2
467183,42,3.0,4.0,1,1,1,3,0,5
467185,29,0.0,3.0,1,0,1,0,2,5
467189,45,1.0,4.0,0,1,1,0,1,5
467193,88,1.0,2.0,1,1,1,0,2,5
467202,18,0.0,4.0,1,1,0,1,2,5
467212,28,1.0,3.0,0,0,1,1,2,5
467216,30,0.0,1.0,0,0,1,3,2,5
467218,27,8.0,1.0,0,0,1,0,2,5
467223,53,0.0,4.0,0,1,1,2,0,5
467227,43,14.0,1.0,0,0,1,0,2,3
467230,19,1.0,4.0,1,0,0,5,2,5
467232,26,1.0,2.0,1,0,0,3,2,5
467233,67,1.0,2.0,0,0,0,0,2,5
467235,32,1.0,2.0,0,0,1,0,2,4
467238,26,7.0,4.0,0,0,0,1,2,5
467239,29,0.0,3.0,0,0,0,2,2,5
467241,33,9.0,1.0,0,0,1,0,2,5
467242,22,0.0,3.0,1,0,0,1,2,5
467247,27,0.0,2.0,0,0,0,2,2,5
467256,30,1.0,4.0,1,0,0,5,2,1
467260,25,8.0,4.0,1,0,0,1,2,5
467281,56,0.0,4.0,1,1,1,7,2,5
467283,52,0.0,3.0,1,1,1,0,0,1
467300,49,1.0,1.0,0,1,1,0,2,5
467301,73,1.0,2.0,0,1,0,7,2,5
467303,36,2.0,2.0,1,1,1,1,0,5
467309,36,4.0,1.0,0,0,1,2,2,6
467311,71,1.0,3.0,1,1,1,7,1,5
467312,55,0.0,2.0,0,1,1,0,2,5
467313,35,1.0,2.0,1,1,1,3,0,5
467314,41,0.0,2.0,1,1,0,0,0,5
467317,42,1.0,1.0,1,0,1,0,2,1
467322,48,1.0,2.0,0,1,1,0,0,0
467325,73,1.0,2.0,0,1,1,7,1,5
467329,40,1.0,1.0,0,0,1,1,2,5
467338,29,3.0,6.0,0,0,1,5,2,5
467344,89,0.0,2.0,1,1,1,7,2,5
467345,86,0.0,1.0,1,1,1,7,2,5
467346,38,0.0,3.0,1,1,1,0,0,5
467352,45,0.0,4.0,1,1,1,4,1,5
467355,26,0.0,4.0,1,0,0,5,2,5
467358,52,1.0,5.0,0,1,1,0,0,5
467359,43,5.0,2.0,1,1,1,0,0,5
467365,35,1.0,1.0,1,0,1,0,2,5
467367,73,1.0,2.0,1,1,1,7,2,5
467369,41,4.0,3.0,1,0,1,0,2,5
467375,35,6.0,3.0,1,1,1,3,2,5
467378,63,0.0,2.0,0,1,1,0,0,5
467393,46,0.0,4.0,0,1,1,0,0,5
467398,38,0.0,2.0,1,1,0,3,2,5
467399,25,1.0,3.0,1,1,1,1,2,5
467403,40,7.0,3.0,0,1,1,0,0,3
467410,55,1.0,2.0,0,1,1,7,2,5
467415,29,0.0,1.0,0,0,1,5,2,5
467419,39,2.0,1.0,0,1,1,0,2,5
467421,50,1.0,3.0,1,1,0,1,0,5
467422,61,1.0,2.0,0,1,1,0,0,5
467423,56,0.0,1.0,1,1,1,0,2,5
467434,40,1.0,3.0,1,0,1,3,2,0
467437,86,0.0,2.0,0,1,1,7,1,5
467438,27,5.0,3.0,1,0,0,3,2,5
467445,32,9.0,2.0,1,1,0,1,2,1
467449,85,1.0,2.0,0,1,1,7,2,5
467451,51,0.0,1.0,0,1,1,0,2,0
467455,41,8.0,2.0,0,0,1,0,2,5
467456,42,5.0,4.0,1,1,0,4,1,5
467457,30,0.0,6.0,0,0,1,8,2,5
467463,42,9.0,3.0,0,1,1,0,0,5
467472,60,4.0,4.0,1,1,1,4,1,5
467474,18,2.0,5.0,1,0,0,5,2,5
467479,36,0.0,4.0,1,1,1,4,0,5
467481,49,0.0,2.0,1,1,1,0,0,5
467482,42,1.0,3.0,1,1,1,4,1,5
467487,42,1.0,5.0,1,1,0,0,0,3
467492,62,1.0,2.0,0,1,1,1,2,6
467500,25,3.0,2.0,0,1,1,0,1,5
467503,27,1.0,4.0,0,0,1,0,2,5
467505,36,0.0,4.0,1,1,1,0,2,5
467510,51,3.0,3.0,1,1,1,3,2,5
467532,52,9.0,1.0,1,1,1,0,2,5
467533,89,4.0,1.0,1,1,1,7,2,5
467540,48,1.0,4.0,1,1,1,5,0,5
467542,31,8.0,1.0,1,0,1,5,2,5
467559,58,0.0,4.0,1,1,1,4,0,5
467565,60,0.0,3.0,1,1,1,0,2,5
467576,48,1.0,3.0,1,1,1,1,0,5
467579,35,5.0,1.0,1,0,1,1,2,5
467588,60,0.0,4.0,1,1,1,0,0,5
467589,32,0.0,1.0,1,0,0,3,2,5
467592,40,7.0,2.0,1,1,1,3,2,5
467595,25,0.0,1.0,0,0,1,5,2,5
467596,42,1.0,5.0,1,1,0,0,2,2
467604,26,8.0,8.0,1,0,0,5,2,3
467608,27,6.0,1.0,1,0,1,2,2,5
467609,42,2.0,4.0,1,0,0,0,2,5
467610,77,4.0,1.0,0,1,1,7,2,5
467614,36,4.0,2.0,1,1,0,0,0,5
467620,57,6.0,3.0,1,1,1,7,2,5
467621,76,1.0,1.0,1,1,1,7,2,5
467629,52,1.0,1.0,1,1,1,0,2,5
467635,35,9.0,1.0,0,0,1,0,2,5
467641,43,9.0,2.0,1,1,1,1,0,5
467643,43,14.0,1.0,1,0,1,0,2,2
467657,21,0.0,4.0,1,0,0,5,2,2
467658,23,0.0,4.0,1,0,0,5,2,2
467659,65,0.0,2.0,1,1,1,3,0,5
467664,35,4.0,4.0,1,1,1,4,1,5
467666,48,4.0,3.0,1,1,1,4,1,5
467667,33,9.0,2.0,1,1,0,1,2,5
467669,82,1.0,2.0,1,1,0,7,1,5
467673,45,1.0,4.0,1,1,0,4,1,5
467678,56,1.0,2.0,1,0,0,8,2,5
467683,30,8.0,3.0,1,1,1,5,1,1
467684,37,8.0,3.0,1,0,1,5,2,1
467685,51,0.0,6.0,1,1,0,8,1,3
467693,59,5.0,5.0,1,1,1,3,1,5
467694,56,0.0,2.0,1,1,1,4,1,5
467699,29,0.0,2.0,0,1,1,1,0,3
467707,89,7.0,2.0,1,1,1,7,1,5
467710,38,9.0,4.0,0,0,1,0,2,5
467715,45,4.0,3.0,1,1,1,4,1,5
467721,37,0.0,1.0,1,0,1,3,2,3
467723,74,1.0,7.0,1,1,0,4,2,5
467726,82,0.0,2.0,1,1,1,7,1,5
467727,53,7.0,4.0,1,1,1,0,1,2
467728,43,0.0,5.0,0,1,0,2,1,5
467729,62,2.0,6.0,1,1,1,3,0,5
467733,56,8.0,3.0,1,1,0,4,1,5
467734,88,3.0,2.0,1,1,1,7,1,5
467735,28,0.0,2.0,1,0,1,1,2,5
467737,51,5.0,2.0,0,1,1,3,0,5
467739,60,0.0,4.0,0,1,0,0,0,5
467740,19,0.0,3.0,1,0,0,5,2,5
467741,23,1.0,3.0,1,0,0,5,2,3
467749,20,0.0,9.0,1,0,0,5,2,6
467763,50,1.0,1.0,0,0,1,0,2,1
467767,21,4.0,4.0,0,0,0,8,2,5
467768,62,0.0,2.0,1,1,1,1,0,5
467769,36,1.0,1.0,0,0,1,1,2,2
467772,31,0.0,2.0,0,0,0,8,2,5
467779,52,4.0,3.0,1,1,1,1,0,5
467789,20,1.0,5.0,1,0,0,5,2,5
467802,48,1.0,5.0,0,1,1,0,1,5
467803,40,6.0,2.0,0,1,1,3,0,5
467806,55,1.0,2.0,1,1,1,0,1,5
467808,62,1.0,2.0,0,1,1,0,0,5
467812,48,0.0,1.0,1,0,1,0,2,1
467813,36,1.0,2.0,1,1,1,3,2,3
467815,73,0.0,2.0,0,1,1,0,2,5
467825,23,0.0,8.0,0,0,0,8,2,5
467828,25,0.0,2.0,0,1,1,0,0,1
467838,60,0.0,2.0,1,1,1,0,0,5
467848,37,14.0,1.0,1,0,1,0,2,5
467849,39,0.0,1.0,0,1,1,1,2,1
467852,39,12.0,1.0,0,0,1,0,2,5
467856,58,0.0,2.0,1,1,1,0,2,5
467860,33,0.0,1.0,0,0,1,3,2,6
467864,66,1.0,2.0,0,1,1,7,1,5
467865,40,2.0,1.0,0,0,1,0,2,3
467868,66,0.0,2.0,0,1,1,3,1,5
467876,50,9.0,2.0,0,1,1,0,1,5
467880,50,0.0,2.0,0,1,1,0,0,5
467882,39,1.0,1.0,0,0,1,0,2,5
467883,46,0.0,2.0,0,1,1,0,0,5
467888,29,0.0,4.0,1,0,0,1,2,5
467891,29,0.0,5.0,0,0,1,1,2,5
467892,23,1.0,5.0,1,0,0,1,2,5
467894,57,1.0,2.0,1,1,1,0,0,5
467895,31,1.0,4.0,0,0,1,5,2,5
467898,69,1.0,1.0,0,1,1,0,2,5
467901,28,0.0,4.0,0,0,1,3,2,5
467904,31,14.0,1.0,0,0,1,0,2,5
467905,37,0.0,3.0,1,1,1,4,1,5
467911,58,0.0,4.0,1,1,1,5,2,5
467913,48,3.0,1.0,1,1,1,0,2,5
467915,18,1.0,4.0,0,0,0,1,2,5
467917,27,2.0,4.0,0,0,1,5,2,0
467927,30,8.0,6.0,1,0,1,1,2,1
467929,36,1.0,2.0,0,1,1,0,0,5
467930,45,4.0,2.0,1,1,1,3,0,5
467932,26,1.0,4.0,0,0,0,5,2,5
467933,23,0.0,3.0,0,0,0,5,2,5
467934,42,0.0,1.0,0,0,1,0,2,5
467938,46,5.0,1.0,1,1,1,3,2,1
467940,27,8.0,4.0,0,0,0,8,2,1
467946,42,0.0,2.0,0,1,1,0,2,5
467948,19,0.0,3.0,0,0,0,5,2,5
467949,21,1.0,4.0,1,0,0,5,2,3
467950,35,1.0,2.0,0,0,1,3,2,5
467954,29,9.0,4.0,1,0,0,5,2,5
467958,35,1.0,1.0,0,0,1,1,2,5
467961,47,1.0,5.0,1,1,1,4,1,3
467968,43,9.0,3.0,0,0,1,5,2,6
